GEOID,Name,Short Name,CSA,Population,Housing Units,Land Area,Water Area,Latitude,Longitude
10100,"Aberdeen, SD","Aberdeen, SD",,42112,19901,2839.011,43.006,45.519435,-98.7007
10140,"Aberdeen, WA","Aberdeen, WA",,76397,36568,1902.268,321.335,47.112084,-123.826725
10180,"Abilene, TX","Abilene, TX",101,178244,75164,2743.515,14.191,32.452022,-99.718743
10220,"Ada, OK","Ada, OK",,38158,17483,720.353,4.913,34.721421,-96.691804
10300,"Adrian, MI","Adrian, MI",220,98823,43747,749.653,11.749,41.896022,-84.074356
10380,"Aguadilla, PR","Aguadilla, PR",364,252430,122332,297.061,136.833,18.391555,-67.097202
10420,"Akron, OH","Akron, OH",184,699508,318279,900.14,23.955,41.146639,-81.35011
10460,"Alamogordo, NM","Alamogordo, NM",,68235,32400,6612.562,14.264,32.615599,-105.751308
10480,"Alamosa, CO","Alamosa, CO",,27622,13624,3237.665,7.619,37.32264,-105.774242
10500,"Albany, GA","Albany, GA",,146768,67030,1591.049,17.775,31.644686,-84.110718
10540,"Albany, OR","Albany, OR",440,129794,52740,2289.508,19.362,44.488898,-122.537208
10580,"Albany-Schenectady-Troy, NY","Albany, NY",104,902372,420069,2811.817,66.408,42.78792,-73.942348
10620,"Albemarle, NC","Albemarle, NC",172,63557,28292,395.08,9.724,35.310449,-80.254374
10660,"Albert Lea, MN","Albert Lea, MN",,30752,14116,707.246,15.175,43.674202,-93.350289
10700,"Albertville, AL","Albertville, AL",290,98712,41531,565.854,57.327,34.309564,-86.321668
10740,"Albuquerque, NM","Albuquerque, NM",105,918567,398671,9283.369,12.31,35.123496,-106.458392
10760,"Alexander City, AL","Alexander City, AL",194,41070,22967,716.539,49.715,32.863308,-85.799618
10780,"Alexandria, LA","Alexandria, LA",,150593,67375,1967.83,58.502,31.325348,-92.546803
10820,"Alexandria, MN","Alexandria, MN",,39354,22087,636.882,83.296,45.936835,-95.462155
10860,"Alice, TX","Alice, TX",204,45850,20063,1808.531,3.654,27.359741,-98.157214
10900,"Allentown-Bethlehem-Easton, PA-NJ","Allentown, PA",106,866764,360133,1453.019,22.492,40.789339,-75.398158
10940,"Alma, MI","Alma, MI",394,41478,16051,568.382,3.23,43.292326,-84.60469
10980,"Alpena, MI","Alpena, MI",,28908,15674,571.899,1123.027,44.894954,-83.426574
11020,"Altoona, PA","Altoona, PA",107,121854,55788,525.067,1.272,40.498683,-78.309597
11060,"Altus, OK","Altus, OK",,24730,12046,802.653,1.589,34.594006,-99.412235
11100,"Amarillo, TX","Amarillo, TX",108,270207,114741,5150.993,32.785,35.247999,-101.90867
11140,"Americus, GA","Americus, GA",,33713,15484,649.786,10.649,32.098355,-84.224304
11180,"Ames, IA","Ames, IA",218,125261,53647,1143.006,4.274,42.036128,-93.698008
11200,"Amherst Town-Northampton, MA","Amherst Town, MA",521,156595,66490,527.236,18.002,42.33946,-72.663692
11220,"Amsterdam, NY","Amsterdam, NY",104,49461,22944,403.111,7.187,42.900891,-74.435357
11260,"Anchorage, AK","Anchorage, AK",,399746,170639,26413.917,798.25,62.212784,-149.678222
11360,"Anderson Creek, NC","Anderson Creek, NC",450,136503,54051,595.099,6.317,35.36866,-78.871665
11380,"Andrews, TX","Andrews, TX",372,18518,7063,1500.686,0.405,32.312258,-102.640206
11420,"Angola, IN","Angola, IN",258,34648,19055,308.79,13.676,41.643467,-85.002405
11460,"Ann Arbor, MI","Ann Arbor, MI",220,368394,158115,706.015,16.406,42.252217,-83.843423
11500,"Anniston-Oxford, AL","Anniston, AL",,116141,53271,605.894,6.381,33.770516,-85.827909
11540,"Appleton, WI","Appleton, WI",118,244163,102063,955.807,85.878,44.290603,-88.372326
11580,"Arcadia, FL","Arcadia, FL",412,34719,15713,636.695,2.411,27.190581,-81.806253
11620,"Ardmore, OK","Ardmore, OK",,48255,21619,822.301,11.48,34.251848,-97.287927
11640,"Arecibo, PR","Arecibo, PR",490,181380,83248,236.885,89.37,18.439224,-66.759981
11660,"Arkadelphia, AR","Arkadelphia, AR",,21378,10012,865.971,16.975,34.053316,-93.176208
11680,"Arkansas City-Winfield, KS","Arkansas City, KS",556,34487,15647,1125.738,6.688,37.234507,-96.837247
11700,"Asheville, NC","Asheville, NC",120,410817,200730,1479.054,7.465,35.61634,-82.570683
11740,"Ashland, OH","Ashland, OH",360,52296,22517,422.986,3.849,40.843272,-82.270126
11820,"Astoria, OR","Astoria, OR",,41343,23251,828.241,255.355,46.024509,-123.705037
11860,"Atchison, KS","Atchison, KS",312,16211,6811,431.174,2.645,39.532544,-95.313397
11900,"Athens, OH","Athens, OH",198,61573,26466,503.643,4.774,39.332755,-82.045885
11940,"Athens, TN","Athens, TN",174,67211,30191,625.252,23.583,35.451963,-84.682714
11980,"Athens, TX","Athens, TX",206,83658,41352,873.788,74.639,32.211633,-95.853418
12020,"Athens-Clarke County, GA","Athens, GA",122,218190,91118,1025.047,10.096,33.943984,-83.213897
12060,"Atlanta-Sandy Springs-Roswell, GA","Atlanta, GA",122,6176937,2462125,8784.09,148.299,33.732402,-84.392848
12100,"Atlantic City-Hammonton, NJ","Atlantic City, NJ",428,369940,231727,807.097,485.045,39.286186,-74.738311
12140,"Auburn, IN","Auburn, IN",258,43584,18280,362.834,1.026,41.39676,-85.002697
12180,"Auburn, NY","Auburn, NY",532,75464,36768,691.589,172.082,43.008546,-76.574587
12220,"Auburn-Opelika, AL","Auburn, AL",194,196614,87173,1216.223,12.835,32.492206,-85.527127
12260,"Augusta-Richmond County, GA-SC","Augusta, GA",,618022,268250,3480.721,101.285,33.460371,-81.982833
12300,"Augusta-Waterville, ME","Augusta, ME",,125614,63140,867.507,83.668,44.417012,-69.765764
12380,"Austin, MN","Austin, MN",462,40069,16963,711.273,0.238,43.666249,-92.759514
12420,"Austin-Round Rock-San Marcos, TX","Austin, TX",,2357497,1001295,4219.831,57.899,30.249744,-97.649842
12460,"Bainbridge, GA","Bainbridge, GA",533,29118,13106,597.239,25.929,30.880643,-84.58389
12520,"Baker City, OR","Baker City, OR",,16796,8687,3067.967,20.012,44.703427,-117.691933
12540,"Bakersfield-Delano, CA","Bakersfield, CA",,910433,304481,8134.673,30.244,35.346629,-118.729506
12580,"Baltimore-Columbia-Towson, MD","Baltimore, MD",548,2839409,1195538,2601.472,503.546,39.304361,-76.549501
12620,"Bangor, ME","Bangor, ME",,153571,75405,3397.185,159.852,45.409284,-68.666616
12660,"Baraboo, WI","Baraboo, WI",357,65759,31091,831.587,17.598,43.428001,-89.943318
12700,"Barnstable Town, MA","Barnstable Town, MA",148,230073,165661,394.185,911.356,41.706123,-70.164823
12740,"Barre, VT","Barre, VT",162,59958,30860,687.06,8.308,44.274969,-72.609444
12780,"Bartlesville, OK","Bartlesville, OK",538,52895,23745,415.524,8.831,36.704403,-95.906253
12860,"Batavia, NY","Batavia, NY",464,57943,26090,492.976,2.369,43.00091,-78.192778
12900,"Batesville, AR","Batesville, AR",,38120,16740,763.712,7.819,35.737499,-91.559942
12940,"Baton Rouge, LA","Baton Rouge, LA",132,871379,380325,4367.809,204.967,30.515242,-91.126926
12980,"Battle Creek, MI","Battle Creek, MI",310,133846,59626,706.259,12.069,42.24299,-85.012385
13020,"Bay City, MI","Bay City, MI",474,103235,48620,442.41,188.307,43.699711,-83.978701
13060,"Bay City, TX","Bay City, TX",288,36274,18871,1093.131,519.381,28.77476,-96.001532
13100,"Beatrice, NE","Beatrice, NE",339,21646,10390,851.468,8.492,40.255234,-96.683453
13140,"Beaumont-Port Arthur, TX","Beaumont, TX",,396058,171718,2101.112,288.621,30.075928,-94.202705
13180,"Beaver Dam, WI","Beaver Dam, WI",376,88818,38290,875.699,31.402,43.429628,-88.701939
13220,"Beckley, WV","Beckley, WV",,113653,53771,1266.927,10.756,37.905659,-81.163748
13260,"Bedford, IN","Bedford, IN",144,45077,20530,449.146,2.783,38.839815,-86.48782
13300,"Beeville, TX","Beeville, TX",,31000,10607,880.239,0.095,28.416077,-97.742586
13340,"Bellefontaine, OH","Bellefontaine, OH",198,46140,23797,458.508,8.335,40.387553,-83.766343
13380,"Bellingham, WA","Bellingham, WA",,228432,101928,2107.928,396.947,48.842653,-121.836432
13420,"Bemidji, MN","Bemidji, MN",,46421,21583,2504.643,550.487,47.879508,-95.00505
13460,"Bend, OR","Bend, OR",,253650,119043,7778.238,54.802,44.153837,-120.887072
13540,"Bennington, VT","Bennington, VT",,37312,20877,674.237,2.663,43.035328,-73.111496
13660,"Big Rapids, MI","Big Rapids, MI",266,40321,21045,555.157,16.085,43.635295,-85.332751
13700,"Big Spring, TX","Big Spring, TX",,33127,13999,900.79,3.416,32.30343,-101.438721
13740,"Billings, MT","Billings, MT",,187269,84451,6477.824,38.391,45.63714,-108.832361
13780,"Binghamton, NY","Binghamton, NY",,245844,114855,1224.417,13.947,42.163928,-76.022943
13820,"Birmingham, AL","Birmingham, AL",142,1181432,522829,5279.905,89.867,33.462372,-86.814338
13860,"Bishop, CA","Bishop, CA",,18803,9500,10197.261,29.838,36.56216,-117.404209
13900,"Bismarck, ND","Bismarck, ND",,134286,59633,4280.986,63.745,46.887031,-100.979592
13940,"Blackfoot, ID","Blackfoot, ID",292,48993,17268,2093.732,26.499,43.216357,-112.399206
13980,"Blacksburg-Christiansburg-Radford, VA","Blacksburg, VA",,181605,81987,1454.512,17.542,37.121364,-80.531517
14010,"Bloomington, IL","Bloomington, IL",145,170882,75120,1183.248,3.013,40.494559,-88.844539
14020,"Bloomington, IN","Bloomington, IN",144,161256,74718,779.818,19.335,39.241736,-86.671754
14100,"Bloomsburg-Berwick, PA","Bloomsburg, PA",146,65055,29775,483.259,7.172,41.045517,-76.40426
14140,"Bluefield, WV-VA","Bluefield, WV",,98995,49162,937.753,2.843,37.248463,-81.359375
14180,"Blytheville, AR","Blytheville, AR",,39749,19126,902.093,27.886,35.766944,-90.052207
14220,"Bogalusa, LA","Bogalusa, LA",406,45238,21422,669.637,6.232,30.852144,-90.046253
14260,"Boise City, ID","Boise City, ID",147,790640,308834,11766.645,65.973,43.006648,-116.141909
14300,"Bonham, TX","Bonham, TX",206,36525,14743,877.939,20.945,33.591161,-96.104988
14380,"Boone, NC","Boone, NC",,54607,33028,312.44,0.877,36.235368,-81.709888
14420,"Borger, TX","Borger, TX",108,20413,10175,887.437,7.516,35.837047,-101.362746
14460,"Boston-Cambridge-Newton, MA-NH","Boston, MA",148,4917661,2046121,3486.333,1024.808,42.517606,-71.021993
14500,"Boulder, CO","Boulder, CO",216,328317,142809,726.416,14.055,40.094971,-105.39771
14540,"Bowling Green, KY","Bowling Green, KY",150,183194,79695,1614.385,24.521,37.046804,-86.397398
14580,"Bozeman, MT","Bozeman, MT",,122194,55589,2605.354,28.421,45.518054,-111.163921
14620,"Bradford, PA","Bradford, PA",,40149,19493,979.694,5.032,41.81459,-78.572463
14660,"Brainerd, MN","Brainerd, MN",,97801,66485,3019.936,550.684,46.767291,-94.223862
14700,"Branson, MO","Branson, MO",,56382,29875,632.263,19.344,36.649827,-93.042819
14710,"Brattleboro, VT","Brattleboro, VT",313,45913,30104,785.959,12.709,42.995304,-72.721877
14720,"Breckenridge, CO","Breckenridge, CO",,38268,35882,985.247,17.924,39.475301,-106.201587
14740,"Bremerton-Silverdale-Port Orchard, WA","Bremerton, WA",500,276581,115329,395.087,170.744,47.639687,-122.649636
14780,"Brenham, TX","Brenham, TX",288,36156,17371,604.196,17.555,30.215075,-96.410272
14820,"Brevard, NC","Brevard, NC",120,33243,19147,378.365,1.959,35.210099,-82.81666
14860,"Bridgeport-Stamford-Danbury, CT","Bridgeport, CT",408,947528,375786,672.34,213.85,41.252442,-73.393267
14940,"Brigham City, UT-ID","Brigham City, UT",482,64406,22342,6980.255,949.485,41.622623,-113.060252
15020,"Brookhaven, MS","Brookhaven, MS",298,34830,15885,586.207,2.043,31.535216,-90.453566
15060,"Brookings, OR","Brookings, OR",152,23463,13123,1628.395,360.844,42.466439,-124.210929
15100,"Brookings, SD","Brookings, SD",,34968,15025,792.217,12.719,44.376675,-96.797797
15180,"Brownsville-Harlingen, TX","Brownsville, TX",154,423192,157565,891.721,387.965,26.102923,-97.478958
15220,"Brownwood, TX","Brownwood, TX",,38294,19087,944.452,12.5,31.764137,-98.998456
15260,"Brunswick-St. Simons, GA","Brunswick, GA",,114345,57961,1294.21,312.202,31.301739,-81.588909
15340,"Bucyrus, OH","Bucyrus, OH",360,41767,19844,401.786,0.911,40.848524,-82.924783
15380,"Buffalo-Cheektowaga, NY","Buffalo, NY",160,1161385,540322,1565.111,801.412,43.044371,-78.777335
15420,"Burley, ID","Burley, ID",,47087,17470,3322.836,20.266,42.369199,-113.642424
15460,"Burlington, IA-IL","Burlington, IA",161,44881,22152,794.922,30.08,40.863823,-91.069976
15500,"Burlington, NC","Burlington, NC",268,174286,75456,423.465,10.775,36.043954,-79.400573
15540,"Burlington-South Burlington, VT","Burlington, VT",162,226603,102176,1249.602,253.523,44.689115,-73.041175
15580,"Butte-Silver Bow, MT","Butte, MT",,35589,17396,717.99,0.579,45.896232,-112.660071
15620,"Cadillac, MI","Cadillac, MI",,49024,25208,1129.719,19.597,44.328738,-85.326429
15660,"Calhoun, GA","Calhoun, GA",122,58336,23210,356.457,2.213,34.509667,-84.873862
15700,"Cambridge, MD","Cambridge, MD",548,32612,16416,540.765,442.223,38.429196,-76.047433
15740,"Cambridge, OH","Cambridge, OH",198,38283,19024,522.242,6.049,40.056665,-81.497875
15780,"Camden, AR","Camden, AR",,27034,14338,1361.322,10.838,33.567513,-92.708217
15820,"Campbellsville, KY","Campbellsville, KY",,37483,16498,552.38,13.233,37.315476,-85.442981
15860,"Cañon City, CO","Cañon City, CO",444,49394,20449,1533.835,0.863,38.45517,-105.424958
15900,"Canton, IL","Canton, IL",427,33259,15883,865.694,16.949,40.46524,-90.202269
15940,"Canton-Massillon, OH","Canton, OH",184,400495,180916,969.613,9.571,40.711051,-81.261468
15980,"Cape Coral-Fort Myers, FL","Cape Coral, FL",163,792692,430243,781.182,733.646,26.563273,-81.984182
16020,"Cape Girardeau, MO-IL","Cape Girardeau, MO",164,97813,43903,1431.815,28.361,37.325936,-89.762639
16060,"Carbondale, IL","Carbondale, IL",166,52706,27750,583.574,18.65,37.786096,-89.381212
16100,"Carlsbad-Artesia, NM","Carlsbad, NM",,61114,26633,4176.348,21.811,32.457835,-104.306434
16140,"Carroll, IA","Carroll, IA",,20677,9508,569.453,0.828,42.039502,-94.86765
16180,"Carson City, NV","Carson City, NV",456,58364,24902,144.534,12.585,39.15306,-119.747368
16220,"Casper, WY","Casper, WY",,79735,37101,5340.537,35.124,42.977645,-106.768219
16260,"Cedar City, UT","Cedar City, UT",,60201,22824,3296.167,4.398,37.909304,-113.30674
16300,"Cedar Rapids, IA","Cedar Rapids, IA",168,275960,121966,2008.734,11.378,42.086289,-91.631095
16340,"Cedartown, GA","Cedartown, GA",122,43365,17301,310.34,1.801,33.996015,-85.188338
16380,"Celina, OH","Celina, OH",338,42438,18023,462.447,10.978,40.535331,-84.632056
16460,"Centralia, IL","Centralia, IL",476,37294,17379,572.538,3.565,38.648236,-88.920362
16500,"Centralia, WA","Centralia, WA",500,83925,36037,2402.782,33.564,46.580071,-122.377444
16540,"Chambersburg, PA","Chambersburg, PA",548,156626,66787,772.279,0.6,39.926772,-77.724521
16580,"Champaign-Urbana, IL","Champaign, IL",169,236196,107994,1920.889,3.284,40.234489,-88.298623
16620,"Charleston, WV","Charleston, WV",170,207456,104500,1746.062,12.811,38.283213,-81.492557
16660,"Charleston-Mattoon, IL","Charleston, IL",,46689,22717,508.272,1.795,39.51368,-88.220782
16700,"Charleston-North Charleston, SC","Charleston, SC",,817756,370246,2590.149,582.301,33.01754,-80.009947
16740,"Charlotte-Concord-Gastonia, NC-SC","Charlotte, NC",172,2712818,1139944,5597.382,116.631,35.166342,-80.797285
16820,"Charlottesville, VA","Charlottesville, VA",,222937,99882,1644.535,13.769,37.949084,-78.593206
16860,"Chattanooga, TN-GA","Chattanooga, TN",174,569333,251533,2088.794,48.919,35.049361,-85.361158
16940,"Cheyenne, WY","Cheyenne, WY",,100661,45032,2685.864,1.679,41.29283,-104.660395
16980,"Chicago-Naperville-Elgin, IL-IN","Chicago, IL",176,9359555,3886535,6923.319,1901.182,41.75878,-87.841887
17020,"Chico, CA","Chico, CA",,209470,91176,1636.511,40.62,39.665336,-121.603209
17060,"Chillicothe, OH","Chillicothe, OH",198,76748,32042,689.166,3.859,39.323895,-83.059538
17140,"Cincinnati, OH-KY-IN","Cincinnati, OH",178,2255257,961797,4385.213,80.579,39.078595,-84.463535
17220,"Clarksburg, WV","Clarksburg, WV",242,89717,41225,908.504,4.169,39.28835,-80.43153
17260,"Clarksdale, MS","Clarksdale, MS",368,20808,10188,553.102,29.933,34.230316,-90.60401
17300,"Clarksville, TN-KY","Clarksville, TN",,328626,133856,2158.172,84.044,36.69571,-87.624307
17340,"Clearlake, CA","Clearlake, CA",,68139,34271,1255.102,72.992,39.108009,-122.745217
17380,"Cleveland, MS","Cleveland, MS",,30163,13679,876.507,31.447,33.799139,-90.88412
17410,"Cleveland, OH","Cleveland, OH",184,2171978,1016658,2701.479,2645.835,41.667548,-81.43052
17420,"Cleveland, TN","Cleveland, TN",174,127445,54267,763.367,10.373,35.138117,-84.655079
17500,"Clewiston, FL","Clewiston, FL",163,53122,22251,1962.776,213.847,26.739191,-81.184001
17540,"Clinton, IA","Clinton, IA",209,46383,21590,694.959,15.217,41.898073,-90.534243
17580,"Clovis, NM","Clovis, NM",,66934,29791,3851.575,10.298,34.221551,-103.431242
17620,"Coamo, PR","Coamo, PR",434,54358,25239,112.082,42.89,18.028709,-66.369763
17640,"Coco, PR","Coco, PR",490,25397,13152,69.404,44.717,17.971485,-66.262252
17650,"Cody, WY","Cody, WY",,30109,14813,6939.039,26.115,44.492387,-109.593597
17660,"Coeur d'Alene, ID","Coeur d'Alene, ID",518,177736,78013,1237.793,71.202,47.67596,-116.695861
17740,"Coldwater, MI","Coldwater, MI",,44914,20879,506.411,13.292,41.918455,-85.066885
17780,"College Station-Bryan, TX","College Station, TX",,273280,117162,2100.387,33.42,30.754392,-96.488537
17820,"Colorado Springs, CO","Colorado Springs, CO",,760782,310269,2683.565,4.635,38.845507,-104.638728
17860,"Columbia, MO","Columbia, MO",190,212850,92569,1714.102,17.588,38.986524,-92.585236
17900,"Columbia, SC","Columbia, SC",192,839868,373131,3703.135,130.63,34.077585,-81.037845
17980,"Columbus, GA-AL","Columbus, GA",194,326136,144950,2786.109,31.768,32.419377,-84.843709
18020,"Columbus, IN","Columbus, IN",294,82881,35517,406.94,2.593,39.205843,-85.897999
18060,"Columbus, MS","Columbus, MS",523,68323,31772,1201.429,15.838,33.251133,-88.506349
18100,"Columbus, NE","Columbus, NE",,44899,18206,1086.577,14.528,41.574696,-97.353145
18140,"Columbus, OH","Columbus, OH",198,2151847,915425,4797.45,53.719,39.968562,-82.835911
18180,"Concord, NH","Concord, NH",148,155018,66080,932.851,22.124,43.299579,-71.680041
18220,"Connersville, IN","Connersville, IN",458,23390,10900,215.021,0.141,39.639654,-85.185034
18260,"Cookeville, TN","Cookeville, TN",,143819,64349,1520.082,16.266,36.190707,-85.463759
18300,"Coos Bay-North Bend, OR","Coos Bay, OR",,64832,31698,1596.051,210.305,43.18591,-124.094133
18340,"Corbin, KY","Corbin, KY",371,149625,64729,1727.252,20.441,36.985916,-83.966066
18380,"Cordele, GA","Cordele, GA",,19995,9902,272.682,8.264,31.920268,-83.75653
18420,"Corinth, MS","Corinth, MS",539,34500,16242,400.047,1.314,34.886569,-88.581109
18460,"Cornelia, GA","Cornelia, GA",122,46948,18774,276.867,2.19,34.634392,-83.525875
18500,"Corning, NY","Corning, NY",236,93034,47565,1390.51,13.527,42.266725,-77.385525
18580,"Corpus Christi, TX","Corpus Christi, TX",204,446797,198858,1784.965,616.378,27.894817,-97.401668
18620,"Corsicana, TX","Corsicana, TX",206,53735,21790,1009.702,76.3,32.043349,-96.476406
18660,"Cortland, NY","Cortland, NY",296,46401,20842,498.774,2.745,42.594039,-76.07624
18700,"Corvallis, OR","Corvallis, OR",440,96359,40565,675.208,2.956,44.493882,-123.424664
18740,"Coshocton, OH","Coshocton, OH",184,36679,16321,563.911,3.524,40.29671,-81.930109
18820,"Crawfordsville, IN","Crawfordsville, IN",294,38155,16534,504.627,0.794,40.040296,-86.892715
18860,"Crescent City, CA","Crescent City, CA",152,27293,11156,1006.202,223.48,41.749903,-123.980998
18880,"Crestview-Fort Walton Beach-Destin, FL","Crestview, FL",,294127,161369,1968.208,687.93,30.594941,-86.358164
18900,"Crossville, TN","Crossville, TN",,62529,31037,681.309,3.51,35.952398,-84.994761
18980,"Cullman, AL","Cullman, AL",142,89463,39538,734.749,20.273,34.131923,-86.869267
19060,"Cumberland, MD-WV","Cumberland, MD",,94684,45336,750.081,7.018,39.532185,-78.807082
19100,"Dallas-Fort Worth-Arlington, TX","Dallas, TX",206,7807555,3030663,8676.287,330.984,32.849171,-96.970489
19140,"Dalton, GA","Dalton, GA",174,143400,55617,634.939,2.818,34.796956,-84.856279
19180,"Danville, IL","Danville, IL",169,73179,34390,898.32,2.906,40.186755,-87.726778
19220,"Danville, KY","Danville, KY",,55123,23838,513.24,5.993,37.507848,-84.735684
19260,"Danville, VA","Danville, VA",,102387,51777,1011.805,10.128,36.811853,-79.400122
19300,"Daphne-Fairhope-Foley, AL","Daphne, AL",380,239945,128518,1589.943,437.33,30.659218,-87.746067
19340,"Davenport-Moline-Rock Island, IA-IL","Davenport, IA",209,381864,174359,2270.024,43.903,41.39168,-90.460076
19430,"Dayton-Kettering-Beavercreek, OH","Dayton, OH",212,813608,371428,1281.566,8.577,39.829746,-84.140992
19460,"Decatur, AL","Decatur, AL",290,156924,68886,1270.361,45.892,34.489361,-87.097147
19500,"Decatur, IL","Decatur, IL",,102591,49699,580.548,5.204,39.860237,-88.961529
19540,"Decatur, IN","Decatur, IN",258,35995,13250,338.925,1.04,40.74573,-84.936134
19580,"Defiance, OH","Defiance, OH",,38258,16570,411.439,2.742,41.321679,-84.486433
19620,"Del Rio, TX","Del Rio, TX",,47647,18631,3144.75,87.92,29.875285,-101.143324
19660,"Deltona-Daytona Beach-Ormond Beach, FL","Deltona, FL",422,689939,336371,1587.413,415.852,29.1789,-81.189023
19700,"Deming, NM","Deming, NM",,25420,11567,2965.177,0.167,32.184523,-107.747191
19740,"Denver-Aurora-Centennial, CO","Denver, CO",216,2977085,1268353,8344.732,57.55,39.434789,-104.901073
19760,"DeRidder, LA","DeRidder, LA",324,36646,15968,1157.478,8.472,30.645018,-93.340253
19780,"Des Moines-West Des Moines, IA","Des Moines, IA",218,720331,308705,3612.657,32.002,41.57705,-93.759712
19810,"Detroit Lakes, MN","Detroit Lakes, MN",,35260,19869,1315.037,130.113,46.937629,-95.741757
19820,"Detroit-Warren-Dearborn, MI","Detroit, MI",220,4367620,1914787,3892.911,342.385,42.721848,-83.200846
19860,"Dickinson, ND","Dickinson, ND",,38107,18098,4491.894,83.605,47.119444,-102.807928
19940,"Dixon, IL","Dixon, IL",221,34058,14993,724.769,3.776,41.747447,-89.299362
19980,"Dodge City, KS","Dodge City, KS",,34133,12638,1098.271,0.81,37.68851,-99.884743
20020,"Dothan, AL","Dothan, AL",222,151804,71480,1716.239,12.698,31.245528,-85.46919
20060,"Douglas, GA","Douglas, GA",,51422,20935,934.983,12.2,31.461335,-82.868088
20100,"Dover, DE","Dover, DE",428,185043,74997,586.061,212.27,39.097088,-75.502982
20140,"Dublin, GA","Dublin, GA",,58811,25579,1110.355,14.709,32.530355,-82.856622
20180,"DuBois, PA","DuBois, PA",524,78902,38160,1145.06,9.315,41.006862,-78.477724
20220,"Dubuque, IA","Dubuque, IA",,98948,43003,608.299,8.162,42.463481,-90.878771
20260,"Duluth, MN-WI","Duluth, MN",228,280710,142751,8413.588,801.788,47.329703,-92.37627
20300,"Dumas, TX","Dumas, TX",,21234,8221,899.698,9.923,35.835676,-101.890502
20340,"Duncan, OK","Duncan, OK",334,43314,20311,870.212,21.168,34.481361,-97.855607
20420,"Durango, CO","Durango, CO",,56088,28613,1689.682,9.901,37.287367,-107.839718
20460,"Durant, OK","Durant, OK",206,47237,20605,904.348,39.308,33.964004,-96.265135
20500,"Durham-Chapel Hill, NC","Durham, NC",450,594291,264772,1758.96,52.984,35.995536,-79.09699
20540,"Dyersburg, TN","Dyersburg, TN",,36681,16296,512.351,13.838,36.052312,-89.404636
20580,"Eagle Pass, TX","Eagle Pass, TX",,57770,20258,1279.481,12.297,28.729787,-100.316678
20660,"Easton, MD","Easton, MD",548,37707,19671,268.556,208.252,38.748349,-76.178476
20700,"East Stroudsburg, PA","East Stroudsburg, PA",106,167784,79458,608.361,8.751,41.05624,-75.329065
20740,"Eau Claire, WI","Eau Claire, WI",232,172886,74835,1646.353,40.112,44.938672,-91.284322
20780,"Edwards, CO","Edwards, CO",233,55374,33455,1684.47,7.323,39.626992,-106.695169
20820,"Effingham, IL","Effingham, IL",,44883,20056,824.713,2.205,39.155051,-88.437879
20900,"El Campo, TX","El Campo, TX",288,41651,17546,1086.144,8.226,29.27848,-96.229674
20940,"El Centro, CA","El Centro, CA",,179319,57511,4175.453,305.073,33.040814,-115.3554
20980,"El Dorado, AR","El Dorado, AR",,38368,18663,1039.067,16.256,33.168219,-92.598145
21020,"Elizabeth City, NC","Elizabeth City, NC",545,40830,17565,226.878,62.453,36.265199,-76.260691
21060,"Elizabethtown, KY","Elizabethtown, KY",350,126480,53912,884.974,8.786,37.651209,-85.887598
21120,"Elk City, OK","Elk City, OK",555,22202,10120,901.675,2.132,35.270601,-99.690057
21140,"Elkhart-Goshen, IN","Elkhart, IN",515,206868,80102,463.158,4.813,41.600693,-85.863986
21180,"Elkins, WV","Elkins, WV",,27782,13090,1039.7,0.258,38.781095,-79.867788
21220,"Elko, NV","Elko, NV",,55512,23053,21348.991,33.288,40.906086,-115.554577
21260,"Ellensburg, WA","Ellensburg, WA",,44736,24326,2297.291,35.717,47.124441,-120.676709
21300,"Elmira, NY","Elmira, NY",236,82805,39143,407.334,3.427,42.148697,-76.752471
21340,"El Paso, TX","El Paso, TX",238,869606,321942,5584.042,2.573,31.527394,-105.521333
21380,"Emporia, KS","Emporia, KS",,34724,16395,1620.531,12.608,38.382134,-96.359301
21420,"Enid, OK","Enid, OK",,62322,27782,1058.507,1.574,36.378132,-97.788741
21460,"Enterprise, AL","Enterprise, AL",222,54231,24399,679.066,1.429,31.402258,-85.989602
21500,"Erie, PA","Erie, PA",240,269544,120019,798.904,759.179,42.117952,-80.096386
21540,"Escanaba, MI","Escanaba, MI",,36829,19841,1171.094,820.238,45.805229,-86.901938
21580,"Española, NM","Española, NM",105,40165,19703,5860.876,35.314,36.509669,-106.693983
21640,"Eufaula, AL-GA","Eufaula, AL",,26849,13417,1036.25,28.83,31.867281,-85.335032
21660,"Eugene-Springfield, OR","Eugene, OR",,382628,168316,4554.092,168.363,43.928334,-122.897581
21700,"Eureka-Arcata, CA","Eureka, CA",,135418,62625,3568.025,484.23,40.706655,-123.926176
21740,"Evanston, WY-UT","Evanston, WY",,23193,12085,3110.484,63.984,41.412124,-110.760958
21780,"Evansville, IN","Evansville, IN",241,269721,122457,1027.416,20.113,38.049142,-87.584519
21820,"Fairbanks-College, AK","Fairbanks, AK",,95555,42695,7334.994,99.948,64.670454,-146.496061
21860,"Fairmont, MN","Fairmont, MN",,19864,9715,712.336,17.242,43.677173,-94.547096
21900,"Fairmont, WV","Fairmont, WV",242,56042,26283,308.785,2.733,39.505839,-80.243402
21980,"Fallon, NV","Fallon, NV",456,25614,10924,4950.157,73.646,39.53771,-118.264166
22020,"Fargo, ND-MN","Fargo, ND",244,254914,114738,2810.111,10.329,46.914859,-96.960183
22060,"Faribault-Northfield, MN","Faribault, MN",378,67389,25173,495.799,20.104,44.350775,-93.298513
22100,"Farmington, MO","Farmington, MO",476,66864,28815,451.886,2.787,37.810707,-90.473868
22140,"Farmington, NM","Farmington, NM",,121178,48085,5517.23,21.197,36.511624,-108.324578
22180,"Fayetteville, NC","Fayetteville, NC",246,389851,163767,1042.719,7.437,35.037956,-78.982209
22190,"Fayetteville, TN","Fayetteville, TN",290,35617,16124,570.342,0.375,35.142784,-86.593403
22220,"Fayetteville-Springdale-Rogers, AR","Fayetteville, AR",,563436,229369,2623.443,50.259,36.116394,-94.079545
22260,"Fergus Falls, MN","Fergus Falls, MN",,60281,36669,1971.636,252.691,46.405727,-95.714581
22300,"Findlay, OH","Findlay, OH",248,74885,33871,531.324,2.326,41.000217,-83.665947
22340,"Fitzgerald, GA","Fitzgerald, GA",,17138,8135,250.119,3.789,31.730583,-83.162961
22380,"Flagstaff, AZ","Flagstaff, AZ",,144643,69907,18616.366,45.021,35.829692,-111.773728
22420,"Flint, MI","Flint, MI",220,404087,183729,636.946,12.641,43.021077,-83.706372
22500,"Florence, SC","Florence, SC",,199675,91063,1361.083,9.445,34.153574,-79.806164
22520,"Florence-Muscle Shoals, AL","Florence, AL",250,152685,72688,1261.002,82.115,34.799254,-87.719388
22540,"Fond du Lac, WI","Fond du Lac, WI",,104053,45908,719.566,46.276,43.754722,-88.493284
22580,"Forest City, NC","Forest City, NC",,64850,32682,565.437,1.812,35.402747,-81.919582
22620,"Forrest City, AR","Forrest City, AR",368,22740,9583,634.784,7.729,35.022838,-90.751506
22660,"Fort Collins-Loveland, CO","Fort Collins, CO",,363561,161882,2595.745,38.243,40.658093,-105.486764
22700,"Fort Dodge, IA","Fort Dodge, IA",,36848,17053,715.704,2.807,42.433579,-94.175831
22780,"Fort Leonard Wood, MO","Fort Leonard Wood, MO",,53850,19374,547.113,4.368,37.824835,-92.207022
22800,"Fort Madison, IA","Fort Madison, IA",161,33175,15808,517.55,21.339,40.647588,-91.477157
22820,"Fort Morgan, CO","Fort Morgan, CO",,29186,11670,1280.493,13.376,40.262085,-103.807235
22840,"Fort Payne, AL","Fort Payne, AL",290,71946,30853,777.077,1.586,34.460915,-85.804021
22900,"Fort Smith, AR-OK","Fort Smith, AR",,228916,100960,1800.027,64.287,35.429088,-94.448349
23060,"Fort Wayne, IN","Fort Wayne, IN",258,451440,191399,1360.855,7.343,41.006999,-85.216424
23140,"Frankfort, IN","Frankfort, IN",320,32967,13496,405.067,0.178,40.305944,-86.477567
23180,"Frankfort, KY","Frankfort, KY",336,75661,34278,410.172,6.121,38.121449,-84.933167
23190,"Franklin, KY","Franklin, KY",150,19786,8456,234.185,2.28,36.740929,-86.581787
23240,"Fredericksburg, TX","Fredericksburg, TX",484,27202,14255,1058.205,3.473,30.325095,-98.941845
23300,"Freeport, IL","Freeport, IL",466,44042,21375,564.247,0.521,42.349726,-89.665994
23340,"Fremont, NE","Fremont, NE",420,37146,16553,528.844,14.158,41.577008,-96.645852
23380,"Fremont, OH","Fremont, OH",184,58770,26475,408.246,9.464,41.355319,-83.142776
23420,"Fresno, CA","Fresno, CA",260,1170942,392371,8095.291,69.075,36.879404,-119.668488
23460,"Gadsden, AL","Gadsden, AL",,103208,47487,535.143,13.485,34.047641,-86.034263
23500,"Gaffney, SC","Gaffney, SC",273,56299,24945,392.967,4.554,35.049796,-81.607647
23540,"Gainesville, FL","Gainesville, FL",264,344521,154596,2343.622,571.375,29.453355,-82.666257
23580,"Gainesville, GA","Gainesville, GA",122,208395,79233,392.508,36.119,34.317569,-83.8185
23620,"Gainesville, TX","Gainesville, TX",206,42473,17841,874.826,23.676,33.639196,-97.210343
23660,"Galesburg, IL","Galesburg, IL",,49294,23788,716.355,3.442,40.930945,-90.213792
23680,"Gallipolis, OH","Gallipolis, OH",,29162,13454,466.53,4.667,38.817046,-82.301746
23700,"Gallup, NM","Gallup, NM",,71172,25213,5451.064,4.899,35.584062,-108.253294
23780,"Garden City, KS","Garden City, KS",,38001,14279,1301.997,0.663,38.049808,-100.739967
23820,"Gardnerville Ranchos, NV-CA","Gardnerville Ranchos, NV",456,51319,26186,1448.878,32.718,38.73469,-119.714259
23900,"Gettysburg, PA","Gettysburg, PA",276,105183,43377,518.576,3.146,39.869437,-77.21775
23940,"Gillette, WY","Gillette, WY",,47018,19952,4802.065,4.251,44.189686,-105.52614
23980,"Glasgow, KY","Glasgow, KY",150,55042,24826,777.016,14.173,36.967571,-85.815497
24020,"Glens Falls, NY","Glens Falls, NY",104,126443,69288,1698.412,79.137,43.44045,-73.636757
24100,"Gloversville, NY","Gloversville, NY",104,52787,28169,495.46,37.419,43.115609,-74.423678
24140,"Goldsboro, NC","Goldsboro, NC",,117606,53134,553.922,3.8,35.35419,-78.00867
24180,"Granbury, TX","Granbury, TX",206,64198,28796,420.742,16.118,32.430149,-97.831677
24220,"Grand Forks, ND-MN","Grand Forks, ND",,103669,48406,3407.212,29.997,47.835929,-96.842681
24260,"Grand Island, NE","Grand Island, NE",,76619,31854,1603.593,20.923,41.083926,-98.374218
24300,"Grand Junction, CO","Grand Junction, CO",,157316,68861,3328.721,12.352,39.019524,-108.460571
24330,"Grand Rapids, MN","Grand Rapids, MN",228,45141,25589,2667.474,260.315,47.490817,-93.611102
24340,"Grand Rapids-Wyoming-Kentwood, MI","Grand Rapids, MI",266,1154320,463653,3242.818,1138.37,42.979841,-85.715614
24420,"Grants Pass, OR","Grants Pass, OR",366,88069,39217,1638.649,2.174,42.386983,-123.57162
24460,"Great Bend, KS","Great Bend, KS",,25275,12373,895.257,5.377,38.481239,-98.767837
24500,"Great Falls, MT","Great Falls, MT",,84601,39248,2698.211,13.243,47.316575,-111.350262
24540,"Greeley, CO","Greeley, CO",216,340711,125033,3984.963,31.783,40.555961,-104.383666
24580,"Green Bay, WI","Green Bay, WI",267,329375,147446,1870.028,978.839,44.474024,-87.99613
24600,"Greencastle, IN","Greencastle, IN",294,37091,15148,480.536,2.158,39.665548,-86.853373
24620,"Greeneville, TN","Greeneville, TN",304,70919,32470,622.169,1.969,36.179487,-82.847523
24640,"Greenfield, MA","Greenfield, MA",521,70922,34424,699.209,25.326,42.584504,-72.591792
24660,"Greensboro-High Point, NC","Greensboro, NC",268,779894,342062,1993.971,26.412,36.025204,-79.792633
24700,"Greensburg, IN","Greensburg, IN",294,26411,11619,372.568,0.755,39.30598,-85.499831
24740,"Greenville, MS","Greenville, MS",,43674,20894,724.147,36.218,33.273174,-90.944446
24780,"Greenville, NC","Greenville, NC",274,172279,81656,652.366,3.184,35.59249,-77.372739
24820,"Greenville, OH","Greenville, OH",212,51655,22643,598.102,1.639,40.131319,-84.621287
24860,"Greenville-Anderson-Greer, SC","Greenville, SC",273,945301,413652,2709.622,77.406,34.683709,-82.413423
24900,"Greenwood, MS","Greenwood, MS",,37260,17593,1222.462,18.502,33.491305,-90.113633
24940,"Greenwood, SC","Greenwood, SC",273,93681,43267,946.801,28.754,34.190755,-82.296677
24980,"Grenada, MS","Grenada, MS",,31050,15767,829.094,28.199,33.637983,-89.714583
25020,"Guayama, PR","Guayama, PR",490,67171,34381,126.651,91.016,17.979155,-66.069473
25060,"Gulfport-Biloxi, MS","Gulfport, MS",,418452,187371,2215.927,813.007,30.480153,-88.999297
25100,"Guymon, OK","Guymon, OK",,20880,8462,2041.293,7.401,36.746317,-101.483855
25180,"Hagerstown-Martinsburg, MD-WV","Hagerstown, MD",548,298525,125658,1008.016,10.529,39.554433,-77.984594
25200,"Hailey, ID","Hailey, ID",,31010,18436,4913.336,26.175,43.325486,-114.19734
25220,"Hammond, LA","Hammond, LA",132,135218,58663,791.18,52.768,30.621348,-90.40649
25260,"Hanford-Corcoran, CA","Hanford, CA",260,152830,46695,1390.972,1.222,36.072478,-119.81553
25300,"Hannibal, MO","Hannibal, MO",448,38887,17922,906.725,21.411,39.664055,-91.57929
25420,"Harrisburg-Carlisle, PA","Harrisburg, PA",276,597894,257534,1621.803,42.202,40.335915,-77.05049
25460,"Harrison, AR","Harrison, AR",,45071,21502,1410.799,14.569,36.087809,-93.162053
25500,"Harrisonburg, VA","Harrisonburg, VA",277,136231,54749,867.132,4.158,38.507612,-78.885329
25540,"Hartford-West Hartford-East Hartford, CT","Hartford, CT",405,1144012,498040,1451.476,111.911,41.688038,-72.545112
25580,"Hastings, NE","Hastings, NE",,40503,18439,1710.463,2.35,40.404569,-98.349062
25620,"Hattiesburg, MS","Hattiesburg, MS",279,154567,66658,1609.886,10.551,31.188441,-89.232741
25700,"Hays, KS","Hays, KS",,28870,13247,899.934,0.44,38.914597,-99.317313
25720,"Heber, UT","Heber, UT",482,78517,41652,3047.626,40.594,40.699219,-111.020425
25740,"Helena, MT","Helena, MT",,92391,42389,6307.737,87.352,46.715752,-112.135155
25770,"Hemlock Farms, PA","Hemlock Farms, PA",408,59691,39948,544.896,21.923,41.325949,-75.031514
25775,"Henderson, KY","Henderson, KY",241,57366,25837,768.388,32.82,37.677139,-87.626242
25780,"Henderson, NC","Henderson, NC",450,42361,19423,252.401,16.285,36.365481,-78.405434
25820,"Hereford, TX","Hereford, TX",,18487,6993,1496.822,1.516,34.940766,-102.607564
25840,"Hermiston-Pendleton, OR","Hermiston, OR",,92336,36506,5245.979,33.201,45.544602,-119.076191
25850,"Hermitage, PA","Hermitage, PA",430,109852,50884,672.538,10.025,41.300014,-80.252786
25860,"Hickory-Lenoir-Morganton, NC","Hickory, NC",172,366972,165443,1639.486,29.017,35.814295,-81.456584
25880,"Hillsdale, MI","Hillsdale, MI",,45658,21490,598.167,8.842,41.927461,-84.637479
25900,"Hilo-Kailua, HI","Hilo, HI",,203684,89786,4028.431,1057.735,19.597764,-155.502443
25940,"Hilton Head Island-Bluffton-Port Royal, SC","Hilton Head Island, SC",,222781,115045,1231.156,393.905,32.386792,-80.830877
25980,"Hinesville, GA","Hinesville, GA",496,84338,33833,916.862,89.478,31.778788,-81.57648
26020,"Hobbs, NM","Hobbs, NM",,73154,28125,4391.552,3.146,32.795687,-103.413271
26090,"Holland, MI","Holland, MI",266,120913,52262,825.43,1007.859,42.421251,-86.261403
26140,"Homosassa Springs, FL","Homosassa Springs, FL",,158693,83417,582.031,378.71,28.850293,-82.595551
26220,"Hood River, OR","Hood River, OR",,23958,10210,522.194,11.214,45.511775,-121.655976
26300,"Hot Springs, AR","Hot Springs, AR",284,100062,52570,677.615,56.932,34.578852,-93.146932
26340,"Houghton, MI","Houghton, MI",,39534,21073,1549.215,5918.569,47.367297,-88.351332
26380,"Houma-Bayou Cane-Thibodaux, LA","Houma, LA",,204032,88400,2299.581,1251.092,29.33413,-90.843674
26420,"Houston-Pasadena-The Woodlands, TX","Houston, TX",288,7274714,2839496,8838.917,1232.829,29.801005,-95.34262
26460,"Hudson, NY","Hudson, NY",104,61245,33331,634.663,13.541,42.247696,-73.626718
26500,"Huntingdon, PA","Huntingdon, PA",107,43844,20932,874.592,14.615,40.422311,-77.968595
26540,"Huntington, IN","Huntington, IN",258,36757,16275,382.639,5.068,40.826394,-85.478597
26580,"Huntington-Ashland, WV-KY-OH","Huntington, WV",170,372801,173587,2915.52,40.916,38.357487,-82.579994
26620,"Huntsville, AL","Huntsville, AL",290,504712,218196,1365.017,54.885,34.783262,-86.734871
26660,"Huntsville, TX","Huntsville, TX",288,78292,29626,784.228,17.271,30.743163,-95.569825
26700,"Huron, SD","Huron, SD",,19279,8453,1258.698,6.114,44.418265,-98.279422
26740,"Hutchinson, KS","Hutchinson, KS",,61693,28309,1255.307,16.802,37.948185,-98.078346
26780,"Hutchinson, MN","Hutchinson, MN",378,36771,15936,491.51,14.067,44.821657,-94.272323
26820,"Idaho Falls, ID","Idaho Falls, ID",292,161944,58199,5196.128,48.394,43.620423,-112.420919
26860,"Indiana, PA","Indiana, PA",430,83213,37672,827.394,6.983,40.651432,-79.087545
26900,"Indianapolis-Carmel-Greenwood, IN","Indianapolis, IN",294,2106327,898849,4085.971,32.608,39.790533,-86.12426
26980,"Iowa City, IA","Iowa City, IA",168,177420,76849,1181.826,12.127,41.517806,-91.64793
27020,"Iron Mountain, MI-WI","Iron Mountain, MI",361,30557,18600,1248.979,24.942,45.947705,-88.08097
27060,"Ithaca, NY","Ithaca, NY",296,102879,47362,474.65,16.898,42.453006,-76.473483
27100,"Jackson, MI","Jackson, MI",,160187,69188,701.905,21.588,42.248474,-84.420868
27140,"Jackson, MS","Jackson, MS",298,615908,270686,6014.253,90.253,32.426311,-90.136422
27180,"Jackson, TN","Jackson, TN",,180844,79784,1711.184,2.789,35.753215,-88.882692
27220,"Jackson, WY-ID","Jackson, WY",,35459,19702,4445.936,221.521,44.048662,-110.426087
27260,"Jacksonville, FL","Jacksonville, FL",300,1645707,713833,3201.859,496.574,30.234138,-81.756058
27300,"Jacksonville, IL","Jacksonville, IL",522,37468,17426,819.748,5.355,39.69395,-90.285047
27340,"Jacksonville, NC","Jacksonville, NC",,208537,85917,762.085,143.108,34.763109,-77.499469
27380,"Jacksonville, TX","Jacksonville, TX",540,51143,20964,1052.954,9.219,31.843879,-95.156343
27420,"Jamestown, ND","Jamestown, ND",,21525,10397,2221.904,76.167,46.972223,-98.956123
27460,"Jamestown-Dunkirk, NY","Jamestown, NY",,126329,66328,1060.41,439.782,42.304216,-79.407595
27500,"Janesville-Beloit, WI","Janesville, WI",357,163944,70694,718.168,7.99,42.66988,-89.075284
27540,"Jasper, IN","Jasper, IN",,43563,18715,427.267,8.067,38.373344,-86.873385
27600,"Jefferson, GA","Jefferson, GA",122,80640,29389,339.7,3.392,34.130905,-83.562557
27620,"Jefferson City, MO","Jefferson City, MO",190,150147,64648,2247.711,30.894,38.636885,-92.088876
27700,"Jesup, GA","Jesup, GA",496,30519,12590,641.813,6.86,31.547845,-81.912376
27740,"Johnson City, TN","Johnson City, TN",304,208934,98148,853.9,10.002,36.265822,-82.332693
27780,"Johnstown, PA","Johnstown, PA",306,132355,64494,687.963,5.268,40.510209,-78.710488
27860,"Jonesboro, AR","Jonesboro, AR",308,134837,58401,1465.462,10.888,35.696978,-90.650175
27900,"Joplin, MO-KS","Joplin, MO",309,202258,87651,1850.826,8.044,37.092135,-94.500651
27940,"Juneau, AK","Juneau, AK",,31969,14170,2702.924,555.066,58.37291,-134.178445
27980,"Kahului-Wailuku, HI","Kahului, HI",,164675,72398,1173.531,1277.625,20.855931,-156.60155
28020,"Kalamazoo-Portage, MI","Kalamazoo, MI",310,261437,114463,561.959,18.342,42.246266,-85.532854
28060,"Kalispell, MT","Kalispell, MT",,108445,50948,5087.304,168.709,48.295422,-114.052059
28100,"Kankakee, IL","Kankakee, IL",176,106833,45396,676.49,4.81,41.13951,-87.861117
28140,"Kansas City, MO-KS","Kansas City, MO",312,2202006,950404,7256.547,116.294,38.931857,-94.443841
28180,"Kapaa, HI","Kapaa, HI",,73610,30392,619.84,646.474,22.012038,-159.705965
28260,"Kearney, NE","Kearney, NE",,57020,24166,1484.439,7.309,40.738595,-99.031788
28300,"Keene, NH","Keene, NH",313,76945,35777,706.725,22.219,42.92546,-72.248183
28340,"Kendallville, IN","Kendallville, IN",258,47417,20212,410.843,6.59,41.404679,-85.417271
28380,"Kennett, MO","Kennett, MO",,27795,13451,541.909,5.293,36.153025,-90.062254
28420,"Kennewick-Richland, WA","Kennewick, WA",314,307900,112280,2941.723,82.936,46.364155,-119.254927
28450,"Kenosha, WI","Kenosha, WI",176,168413,72897,271.833,482.192,42.587526,-87.879996
28500,"Kerrville, TX","Kerrville, TX",484,53166,25439,1103.333,3.95,30.053563,-99.374682
28540,"Ketchikan, AK","Ketchikan, AK",,13870,6659,4857.091,1820.468,55.449938,-131.106685
28580,"Key West-Key Largo, FL","Key West, FL",370,81840,54418,983.043,4306.522,25.58612,-81.022603
28620,"Kill Devil Hills, NC","Kill Devil Hills, NC",545,37534,34839,383.229,1158.505,35.606269,-75.767536
28660,"Killeen-Temple, TX","Killeen, TX",,485850,190840,2818.612,42.068,31.20273,-97.789638
28680,"Kingsland, GA","Kingsland, GA",300,56036,23192,630.273,151.635,30.913358,-81.642019
28700,"Kingsport-Bristol, TN-VA","Kingsport, TN",304,309580,149151,2010.495,36.99,36.604161,-82.440145
28740,"Kingston, NY","Kingston, NY",408,182109,86178,1124.236,36.524,41.947212,-74.265458
28780,"Kingsville, TX","Kingsville, TX",204,30629,13984,881.306,208.897,27.438735,-97.66062
28820,"Kinston, NC","Kinston, NC",,54917,26767,399.087,2.278,35.240066,-77.635514
28860,"Kirksville, MO","Kirksville, MO",,29268,13286,874.629,2.967,40.284489,-92.565124
28880,"Kiryas Joel-Poughkeepsie-Newburgh, NY","Kiryas Joel, NY",408,700984,271096,1607.68,55.93,41.575274,-74.033873
28900,"Klamath Falls, OR","Klamath Falls, OR",,69812,33004,5949.897,187.323,42.683761,-121.646168
28940,"Knoxville, TN","Knoxville, TN",315,919553,412448,3500.955,148.901,36.044462,-84.136114
29020,"Kokomo, IN","Kokomo, IN",294,83610,39795,293.074,0.847,40.483537,-86.114118
29060,"Laconia, NH","Laconia, NH",148,64300,38718,401.912,68.098,43.519109,-71.425366
29100,"La Crosse-Onalaska, WI-MN","La Crosse, WI",317,169945,75928,1795.484,69.787,43.698264,-91.11014
29180,"Lafayette, LA","Lafayette, LA",318,410883,185064,2833.687,441.822,30.012961,-92.136552
29200,"Lafayette-West Lafayette, IN","Lafayette, IN",320,225019,96331,1642.221,8.946,40.482153,-87.017112
29260,"La Grande, OR","La Grande, OR",,26192,11786,2036.941,1.906,45.304081,-117.999149
29300,"LaGrange, GA-AL","LaGrange, GA",122,104271,45682,1010.583,38.493,32.970298,-85.24416
29340,"Lake Charles, LA","Lake Charles, LA",324,245973,112016,3000.348,689.267,30.038451,-93.190093
29380,"Lake City, FL","Lake City, FL",264,70755,30066,797.377,3.941,30.221651,-82.623371
29420,"Lake Havasu City-Kingman, AZ","Lake Havasu City, AZ",,217420,119593,13332.121,128.722,35.717705,-113.749689
29460,"Lakeland-Winter Haven, FL","Lakeland, FL",422,760961,329750,1798.466,211.947,27.954854,-81.694301
29470,"Lake of the Woods, VA","Lake of the Woods, VA",548,37208,15895,340.548,2.703,38.249326,-78.011092
29540,"Lancaster, PA","Lancaster, PA",,555151,217863,943.924,39.911,40.041992,-76.250198
29620,"Lansing-East Lansing, MI","Lansing, MI",330,470434,206585,1698.64,16.072,42.713659,-84.605372
29660,"Laramie, WY","Laramie, WY",,37713,18735,4274.175,34.577,41.665514,-105.721883
29700,"Laredo, TX","Laredo, TX",,267731,86727,3361.498,14.094,27.760799,-99.340752
29720,"Lares, PR","Lares, PR",490,27944,12448,61.454,0.187,18.276925,-66.869587
29740,"Las Cruces, NM","Las Cruces, NM",238,221665,91402,3808.179,6.793,32.349919,-106.834968
29780,"Las Vegas, NM","Las Vegas, NM",105,31212,17775,6647.768,22.187,35.644067,-104.863027
29820,"Las Vegas-Henderson-North Las Vegas, NV","Las Vegas, NV",332,2293764,935960,7891.661,169.261,36.21413,-115.014398
29860,"Laurel, MS","Laurel, MS",279,83050,36807,1371.155,6.105,31.825465,-89.148054
29900,"Laurinburg, NC","Laurinburg, NC",246,34353,14421,319.14,1.483,34.840023,-79.477337
29940,"Lawrence, KS","Lawrence, KS",312,119547,53308,455.765,18.871,38.896417,-95.290947
29980,"Lawrenceburg, TN","Lawrenceburg, TN",400,44901,18699,617.13,0.857,35.220476,-87.396546
30020,"Lawton, OK","Lawton, OK",334,127174,55354,1701.959,23.802,34.529113,-98.430902
30060,"Lebanon, MO","Lebanon, MO",,36245,15951,764.684,3.367,37.659698,-92.594843
30140,"Lebanon, PA","Lebanon, PA",276,143592,59582,361.835,0.665,40.371448,-76.464819
30150,"Lebanon-Claremont, NH-VT","Lebanon, NH",,222850,123177,3902.646,67.459,43.785726,-72.159142
30180,"Le Mars, IA","Le Mars, IA",512,25699,10863,862.828,0.84,42.737615,-96.215973
30260,"Lewisburg, PA","Lewisburg, PA",146,42570,16158,315.957,1.78,40.962179,-77.055475
30280,"Lewisburg, TN","Lewisburg, TN",400,35276,14521,375.462,0.696,35.468329,-86.765868
30300,"Lewiston, ID-WA","Lewiston, ID",,64901,28661,1484.396,12.566,46.251696,-116.925017
30340,"Lewiston-Auburn, ME","Lewiston, ME",438,112323,50202,467.956,29.164,44.167681,-70.207435
30380,"Lewistown, PA","Lewistown, PA",,46074,21425,411.037,3.671,40.601615,-77.651832
30420,"Lexington, NE","Lexington, NE",,25949,11114,1471.985,10.171,40.756816,-99.821978
30460,"Lexington-Fayette, KY","Lexington, KY",336,517378,229005,1469.967,14.302,38.102876,-84.438545
30500,"Lexington Park, MD","Lexington Park, MD",548,208163,82038,571.778,537.548,38.312696,-76.527935
30580,"Liberal, KS","Liberal, KS",,21640,8299,639.653,0.757,37.18096,-100.855257
30620,"Lima, OH","Lima, OH",338,101685,44697,402.545,4.306,40.771627,-84.106103
30660,"Lincoln, IL","Lincoln, IL",522,27870,11984,618.052,0.873,40.129277,-89.365309
30700,"Lincoln, NE","Lincoln, NE",339,341309,145370,1408.99,13.278,40.817429,-96.868801
30780,"Little Rock-North Little Rock-Conway, AR","Little Rock, AR",340,753605,340840,4084.08,115.012,34.755773,-92.400589
30820,"Lock Haven, PA","Lock Haven, PA",558,37707,18640,889.63,8.951,41.239508,-77.629009
30860,"Logan, UT-ID","Logan, UT",,151746,50576,1827.706,12.844,41.88902,-111.787438
30900,"Logansport, IN","Logansport, IN",,37703,16389,412.144,2.704,40.753799,-86.355168
30980,"Longview, TX","Longview, TX",,288921,121822,2680.623,42.061,32.431646,-94.684833
31020,"Longview-Kelso, WA","Longview, WA",440,111539,45884,1141.176,25.244,46.196785,-122.67846
31060,"Los Alamos, NM","Los Alamos, NM",105,19374,8660,109.123,0.08,35.870047,-106.307968
31080,"Los Angeles-Long Beach-Anaheim, CA","Los Angeles, CA",348,13012469,4762557,4853.538,845.63,34.108703,-118.182753
31140,"Louisville/Jefferson County, KY-IN","Louisville, KY",350,1361847,597784,3960.836,79.149,38.224363,-85.701989
31180,"Lubbock, TX","Lubbock, TX",352,354782,154226,5264.6,11.208,33.466436,-101.883348
31220,"Ludington, MI","Ludington, MI",,29177,17499,494.969,747.346,43.957196,-86.442937
31260,"Lufkin, TX","Lufkin, TX",,86791,36798,797.867,66.91,31.251896,-94.611134
31300,"Lumberton, NC","Lumberton, NC",246,116858,48874,947.302,1.952,34.63921,-79.100881
31340,"Lynchburg, VA","Lynchburg, VA",,262716,118436,2120.475,26.441,37.364926,-79.216689
31380,"Macomb, IL","Macomb, IL",,27102,13598,589.305,0.795,40.455808,-90.678954
31420,"Macon-Bibb County, GA","Macon, GA",356,234040,104250,1723.59,14.091,32.856216,-83.714305
31500,"Madison, IN","Madison, IN",,33074,14446,360.699,2.313,38.783604,-85.44009
31540,"Madison, WI","Madison, WI",357,683967,309095,3308.838,77.254,43.083846,-89.597745
31580,"Madisonville, KY","Madisonville, KY",,45143,20965,542.325,12.09,37.31107,-87.542196
31620,"Magnolia, AR","Magnolia, AR",,22527,11032,766.065,0.767,33.223038,-93.232843
31680,"Malvern, AR","Malvern, AR",284,33142,14259,614.944,7.23,34.315177,-92.944147
31700,"Manchester-Nashua, NH","Manchester, NH",148,424732,176753,876.53,15.95,42.911532,-71.723055
31740,"Manhattan, KS","Manhattan, KS",,133413,56668,1835.047,53.242,39.268424,-96.562242
31820,"Manitowoc, WI","Manitowoc, WI",,81314,37960,589.309,904.768,44.156137,-87.577352
31860,"Mankato, MN","Mankato, MN",359,103736,43074,1196.34,36.074,44.15479,-94.147798
31900,"Mansfield, OH","Mansfield, OH",360,125138,54616,495.227,4.849,40.774159,-82.542781
31930,"Marietta, OH","Marietta, OH",425,59318,27979,632.162,7.979,39.450676,-81.490636
31940,"Marinette, WI-MI","Marinette, WI",361,65202,42633,2443.509,444.662,45.435279,-87.769216
31980,"Marion, IN","Marion, IN",,66377,29878,414.089,0.812,40.515758,-85.654946
32000,"Marion, NC","Marion, NC",172,44679,21475,439.954,5.397,35.682268,-82.048045
32020,"Marion, OH","Marion, OH",198,65145,27381,403.807,0.351,40.588034,-83.168803
32060,"Marion-Herrin, IL","Marion, IL",166,66902,31957,420.216,24.114,37.730353,-88.930018
32100,"Marquette, MI","Marquette, MI",,66430,33553,1809.071,1615.948,46.656596,-87.584028
32140,"Marshall, MN","Marshall, MN",,25498,11252,714.411,7.257,44.409195,-95.847268
32180,"Marshall, MO","Marshall, MO",,23177,9833,755.51,11.406,39.13584,-93.204164
32260,"Marshalltown, IA","Marshalltown, IA",,39971,16860,572.503,0.696,42.0417,-92.981403
32280,"Martin, TN","Martin, TN",542,32959,15028,580.353,1.431,36.303596,-88.721194
32300,"Martinsville, VA","Martinsville, VA",,63949,32476,393.307,2.087,36.682503,-79.872564
32340,"Maryville, MO","Maryville, MO",,20959,9478,876.964,0.912,40.361136,-94.883146
32380,"Mason City, IA","Mason City, IA",,50165,26217,968.426,8.634,43.213732,-93.274339
32390,"Massena-Ogdensburg, NY","Massena, NY",,107796,51884,2679.534,141.676,44.488112,-75.074311
32420,"Mayagüez, PR","Mayagüez, PR",364,211487,115607,310.055,344.74,18.019226,-67.166638
32460,"Mayfield, KY","Mayfield, KY",424,36612,16437,551.757,5.031,36.723344,-88.649897
32540,"McAlester, OK","McAlester, OK",,43629,22204,1305.512,72.372,34.92554,-95.74813
32580,"McAllen-Edinburg-Mission, TX","McAllen, TX",365,880921,302173,1571.217,11.614,26.396384,-98.18099
32620,"McComb, MS","McComb, MS",,53794,25992,813.113,1.986,31.147972,-90.250227
32660,"McMinnville, TN","McMinnville, TN",,41587,18343,432.673,1.361,35.67825,-85.777343
32700,"McPherson, KS","McPherson, KS",,30130,13128,898.285,2.318,38.395812,-97.647489
32740,"Meadville, PA","Meadville, PA",240,83189,42188,1012.356,25.247,41.687876,-80.107795
32780,"Medford, OR","Medford, OR",366,222563,97083,2783.255,18.057,42.411621,-122.675611
32820,"Memphis, TN-MS-AR","Memphis, TN",368,1341606,576520,4972.418,128.065,35.010307,-89.820503
32860,"Menomonie, WI","Menomonie, WI",232,45349,18812,850.16,13.734,44.947751,-91.897645
32900,"Merced, CA","Merced, CA",488,285597,89610,1938.02,40.632,37.194806,-120.722802
32940,"Meridian, MS","Meridian, MS",,87408,41193,1395.251,13.437,32.219701,-88.670401
33020,"Mexico, MO","Mexico, MO",190,24688,10566,692.25,4.573,39.214481,-91.843418
33060,"Miami, OK","Miami, OK",309,30360,13695,470.817,13.789,36.835764,-94.802681
33100,"Miami-Fort Lauderdale-West Palm Beach, FL","Miami, FL",370,6138876,2662397,5067.29,1013.659,26.101828,-80.478755
33140,"Michigan City-La Porte, IN","Michigan City, IN",176,112141,49878,598.288,14.971,41.549013,-86.744739
33180,"Middlesborough, KY","Middlesborough, KY",371,23878,11608,358.999,2.117,36.728928,-83.680718
33220,"Midland, MI","Midland, MI",474,83641,37048,518.434,9.635,43.648203,-84.379414
33260,"Midland, TX","Midland, TX",372,176726,73772,1815.313,2.388,32.092359,-101.994539
33300,"Milledgeville, GA","Milledgeville, GA",,43669,20180,258.699,9.577,33.05949,-83.255457
33340,"Milwaukee-Waukesha, WI","Milwaukee, WI",376,1566361,695586,1454.839,1867.069,42.912643,-87.862312
33380,"Minden, LA","Minden, LA",508,36189,18341,593.319,21.601,32.732152,-93.339825
33420,"Mineral Wells, TX","Mineral Wells, TX",206,28920,15147,952.549,32.959,32.752204,-98.317967
33460,"Minneapolis-St. Paul-Bloomington, MN-WI","Minneapolis, MN",378,3693351,1530451,7047.553,472.672,45.096664,-93.275361
33500,"Minot, ND","Minot, ND",,76773,36516,4764.215,96.226,48.320242,-101.19801
33540,"Missoula, MT","Missoula, MT",,124435,58577,3812.629,28.757,47.069545,-114.262668
33580,"Mitchell, SD","Mitchell, SD",,25779,11973,1439.457,3.297,43.826091,-98.021652
33620,"Moberly, MO","Moberly, MO",190,24524,10811,482.713,5.117,39.439249,-92.492959
33660,"Mobile, AL","Mobile, AL",380,413162,185413,1229.382,414.67,30.684572,-88.196568
33700,"Modesto, CA","Modesto, CA",488,552250,184240,1496.15,17.907,37.562316,-121.002831
33740,"Monroe, LA","Monroe, LA",384,224705,101676,2837.621,69.935,32.67396,-92.058318
33780,"Monroe, MI","Monroe, MI",220,155001,66300,549.358,130.577,41.916097,-83.487106
33860,"Montgomery, AL","Montgomery, AL",388,385159,172442,2714.415,71.977,32.365631,-86.404585
33900,"Monticello, IN","Monticello, IN",320,24709,12926,505.181,3.539,40.75095,-86.864293
33910,"Monticello, NY","Monticello, NY",408,79147,49667,968.145,28.47,41.719993,-74.771577
33940,"Montrose, CO","Montrose, CO",,43272,19429,2240.946,1.901,38.407507,-108.266282
33980,"Morehead City, NC","Morehead City, NC",404,68652,51615,507.607,822.805,34.858343,-76.53586
34020,"Morgan City, LA","Morgan City, LA",,48455,22510,558.528,561.195,29.629349,-91.463804
34060,"Morgantown, WV","Morgantown, WV",,140724,65010,1008.908,8.361,39.525155,-79.801912
34100,"Morristown, TN","Morristown, TN",315,120765,53028,436.343,53.776,36.115484,-83.376546
34140,"Moscow, ID","Moscow, ID",446,40315,17429,1075.867,0.915,46.81892,-116.730974
34180,"Moses Lake, WA","Moses Lake, WA",393,100428,39496,2679.554,111.893,47.213633,-119.467788
34220,"Moultrie, GA","Moultrie, GA",,45907,19288,547.067,9.572,31.189714,-83.769873
34260,"Mountain Home, AR","Mountain Home, AR",,42150,22836,553.929,32.788,36.28027,-92.32995
34300,"Mountain Home, ID","Mountain Home, ID",147,29046,12168,3075.079,26.383,43.394698,-115.471205
34340,"Mount Airy, NC","Mount Airy, NC",268,71407,33609,532.644,4.012,36.415416,-80.686463
34380,"Mount Pleasant, MI","Mount Pleasant, MI",394,64475,28600,572.7,4.998,43.645233,-84.839424
34420,"Mount Pleasant, TX","Mount Pleasant, TX",,55950,23717,854.14,33.438,33.132104,-94.903503
34460,"Mount Sterling, KY","Mount Sterling, KY",336,47286,21070,678.908,9.869,38.039616,-83.747734
34500,"Mount Vernon, IL","Mount Vernon, IL",,36808,16650,571.237,12.565,38.30078,-88.92421
34540,"Mount Vernon, OH","Mount Vernon, OH",198,62888,26038,525.499,4.139,40.40362,-82.422393
34580,"Mount Vernon-Anacortes, WA","Mount Vernon, WA",500,130407,56472,1730.232,186.804,48.493292,-121.81577
34620,"Muncie, IN","Muncie, IN",294,112109,51611,392.109,3.8,40.227543,-85.399262
34660,"Murray, KY","Murray, KY",,37882,18034,384.863,25.834,36.620978,-88.274086
34680,"Murrells Inlet, SC","Murrells Inlet, SC",396,64200,36704,813.665,212.541,33.417531,-79.296333
34700,"Muscatine, IA","Muscatine, IA",209,42735,18429,437.44,11.684,41.483776,-91.118699
34740,"Muskegon-Norton Shores, MI","Muskegon, MI",266,175378,74969,503.921,956.103,43.428739,-86.420908
34780,"Muskogee, OK","Muskogee, OK",538,66471,29363,810.643,29.371,35.617551,-95.383911
34820,"Myrtle Beach-Conway-North Myrtle Beach, SC","Myrtle Beach, SC",396,368937,211686,1133.151,121.575,33.909269,-78.976675
34860,"Nacogdoches, TX","Nacogdoches, TX",,64897,28995,946.324,34.645,31.62056,-94.62025
34880,"Nantucket, MA","Nantucket, MA",,14299,12449,46.192,257.463,41.293392,-70.102164
34900,"Napa, CA","Napa, CA",488,136070,55601,751.976,40.326,38.5071,-122.325904
34940,"Naples-Marco Island, FL","Naples, FL",163,387681,234732,1997.014,608.026,26.118786,-81.400955
34980,"Nashville-Davidson--Murfreesboro--Franklin, TN","Nashville, TN",400,2043713,871937,6302.218,75.933,36.091577,-86.72298
35020,"Natchez, MS-LA","Natchez, MS",,54550,27329,1677.982,84.199,31.542918,-91.382533
35060,"Natchitoches, LA","Natchitoches, LA",,37047,18663,1253.008,46.544,31.732509,-93.082546
35100,"New Bern, NC","New Bern, NC",404,122634,59318,1514.422,294.184,35.116829,-77.08132
35140,"Newberry, SC","Newberry, SC",192,38121,18398,630.339,17.018,34.289881,-81.599676
35220,"New Castle, IN","New Castle, IN",294,48896,20968,391.877,2.954,39.929591,-85.397363
35300,"New Haven, CT","New Haven, CT",405,566803,247217,367.252,252.328,41.290167,-72.837024
35340,"New Iberia, LA","New Iberia, LA",318,69194,31215,574.74,465.624,29.606013,-91.842706
35380,"New Orleans-Metairie, LA","New Orleans, LA",406,988763,463532,2358.642,4415.434,29.282447,-89.576068
35420,"New Philadelphia-Dover, OH","New Philadelphia, OH",184,92585,40840,567.608,3.958,40.44744,-81.471166
35440,"Newport, OR","Newport, OR",,50632,32373,980.989,213.564,44.641061,-123.911212
35460,"Newport, TN","Newport, TN",315,36503,17883,436.138,6.921,35.916198,-83.119224
35580,"New Ulm, MN","New Ulm, MN",359,25826,11802,611.109,7.156,44.246541,-94.733647
35620,"New York-Newark-Jersey City, NY-NJ","New York, NY",408,19756722,7991914,6139.727,2505.647,40.735425,-73.80773
35660,"Niles, MI","Niles, MI",515,153411,77127,567.845,1013.627,41.791382,-86.742543
35700,"Nogales, AZ","Nogales, AZ",536,48209,18997,1236.26,1.185,31.525733,-110.845228
35740,"Norfolk, NE","Norfolk, NE",,48682,20983,1573.493,7.552,42.04313,-97.487952
35820,"North Platte, NE","North Platte, NE",,34934,16937,3134.854,11.429,41.141344,-100.697352
35840,"North Port-Bradenton-Sarasota, FL","North Port, FL",412,865031,474782,1298.818,640.765,27.329055,-82.414533
35900,"North Wilkesboro, NC","North Wilkesboro, NC",,65983,31744,753.678,2.646,36.208883,-81.166095
35940,"Norwalk, OH","Norwalk, OH",184,58412,25575,492.244,3.331,41.14508,-82.594641
35980,"Norwich-New London-Willimantic, CT","Norwich, CT",405,279025,125728,598.139,83.573,41.484769,-72.101666
36020,"Oak Harbor, WA","Oak Harbor, WA",500,86747,42398,208.698,308.626,48.158554,-122.670649
36100,"Ocala, FL","Ocala, FL",,387697,183453,1588.443,74.226,29.202805,-82.0431
36180,"Ocean Pines, MD","Ocean Pines, MD",480,53279,56585,468.299,226.565,38.222133,-75.309931
36220,"Odessa, TX","Odessa, TX",372,163206,67542,897.884,3.934,31.865301,-102.542507
36260,"Ogden, UT","Ogden, UT",482,645510,221009,1544.98,361.072,41.124342,-111.866933
36340,"Oil City, PA","Oil City, PA",,50096,26203,674.265,8.552,41.400714,-79.765813
36380,"Okeechobee, FL","Okeechobee, FL",370,40249,18532,769.302,122.736,27.385592,-80.887388
36420,"Oklahoma City, OK","Oklahoma City, OK",416,1445122,615515,5511.767,69.896,35.430968,-97.506966
36460,"Olean, NY","Olean, NY",160,76479,40279,1308.183,14.202,42.239099,-78.662332
36500,"Olympia-Lacey-Tumwater, WA","Olympia, WA",500,296640,123333,722.513,51.577,46.935822,-122.830152
36540,"Omaha, NE-IA","Omaha, NE",420,972840,407404,4345.679,61.521,41.290459,-95.99997
36580,"Oneonta, NY","Oneonta, NY",,59738,30011,1001.738,14.02,42.629776,-75.028841
36620,"Ontario, OR-ID","Ontario, OR",147,57891,21628,10294.587,45.527,43.225869,-117.619933
36660,"Opelousas, LA","Opelousas, LA",318,82128,37001,923.378,15.715,30.583441,-91.989274
36700,"Orangeburg, SC","Orangeburg, SC",192,83531,41420,1106.379,21.505,33.436135,-80.802913
36740,"Orlando-Kissimmee-Sanford, FL","Orlando, FL",422,2721022,1120478,3493.909,517.605,28.434398,-81.35606
36780,"Oshkosh-Neenah, WI","Oshkosh, WI",118,171357,76770,434.697,143.873,44.085707,-88.668149
36820,"Oskaloosa, IA","Oskaloosa, IA",218,22045,9708,570.851,2.546,41.330797,-92.636366
36830,"Othello, WA","Othello, WA",393,20690,6844,1924.989,4.813,47.011238,-118.512861
36837,"Ottawa, IL","Ottawa, IL",176,147676,68553,2164.286,29.555,41.356487,-89.173366
36840,"Ottawa, KS","Ottawa, KS",312,25994,11239,571.772,5.364,38.558019,-95.278962
36900,"Ottumwa, IA","Ottumwa, IA",,35265,15740,431.848,4.173,41.031275,-92.409466
36940,"Owatonna, MN","Owatonna, MN",378,37413,15878,429.588,2.692,44.015181,-93.236065
36980,"Owensboro, KY","Owensboro, KY",,112322,48370,710.923,21.784,37.664375,-87.147386
37020,"Owosso, MI","Owosso, MI",330,68061,30272,531.126,9.815,42.951545,-84.146352
37060,"Oxford, MS","Oxford, MS",,69359,34894,1098.848,75.385,34.221062,-89.584602
37100,"Oxnard-Thousand Oaks-Ventura, CA","Oxnard, CA",348,838259,294651,1840.78,365.779,34.358748,-119.133145
37120,"Ozark, AL","Ozark, AL",222,49516,22910,561.113,1.564,31.430654,-85.609476
37140,"Paducah, KY-IL","Paducah, KY",424,102924,49618,1235.467,89.673,37.094234,-88.71705
37220,"Pahrump, NV","Pahrump, NV",332,53207,25186,18181.914,16.683,37.965864,-116.459011
37260,"Palatka, FL","Palatka, FL",300,74235,36614,728.396,98.525,29.593897,-81.732039
37300,"Palestine, TX","Palestine, TX",,57825,20474,1062.617,15.384,31.841261,-95.661727
37340,"Palm Bay-Melbourne-Titusville, FL","Palm Bay, FL",,620533,294461,1014.973,542.063,28.298311,-80.700333
37420,"Pampa, TX","Pampa, TX",,21916,10367,1850.032,3.493,35.617393,-100.810553
37460,"Panama City-Panama City Beach, FL","Panama City, FL",,206627,117171,1343.297,739.378,30.273241,-85.642089
37500,"Paragould, AR","Paragould, AR",308,46182,19420,577.347,2.029,36.120607,-90.566346
37540,"Paris, TN","Paris, TN",,32345,17044,561.902,31.499,36.325295,-88.300288
37580,"Paris, TX","Paris, TX",,62042,28930,1951.23,38.608,33.646445,-95.295089
37620,"Parkersburg-Vienna, WV","Parkersburg, WV",425,88960,43019,599.011,12.521,39.141531,-81.460402
37740,"Payson, AZ","Payson, AZ",429,53610,32614,4757.578,37.246,33.789618,-110.81187
37800,"Pella, IA","Pella, IA",218,33551,14268,554.49,16.017,41.331433,-93.093868
37860,"Pensacola-Ferry Pass-Brent, FL","Pensacola, FL",,516994,225953,1669.4,678.479,30.608557,-87.158547
37900,"Peoria, IL","Peoria, IL",427,365773,167809,2467.666,50.377,40.788069,-89.514639
37940,"Peru, IN","Peru, IN",294,35772,14927,373.842,3.546,40.772805,-86.044244
37950,"Petoskey, MI","Petoskey, MI",,34159,21886,467.546,414.451,45.590094,-84.986822
37980,"Philadelphia-Camden-Wilmington, PA-NJ-DE-MD","Philadelphia, PA",428,6241882,2608248,4603.223,267.144,39.894958,-75.311982
38060,"Phoenix-Mesa-Chandler, AZ","Phoenix, AZ",429,4941206,2030723,14568.704,31.97,33.185765,-112.067862
38100,"Picayune, MS","Picayune, MS",406,56781,25137,811.508,7.836,30.774793,-89.586904
38180,"Pierre, SD","Pierre, SD",,20744,9498,2185.963,131.934,44.404897,-100.484817
38210,"Pikeville, KY","Pikeville, KY",,92808,46430,1179.523,4.749,37.499366,-82.509794
38220,"Pine Bluff, AR","Pine Bluff, AR",340,73271,34308,1470.256,44.646,34.121115,-92.041969
38240,"Pinehurst-Southern Pines, NC","Pinehurst, NC",246,102840,49419,697.627,8.052,35.308273,-79.492723
38260,"Pittsburg, KS","Pittsburg, KS",,38963,18088,589.771,5.241,37.505821,-94.853897
38300,"Pittsburgh, PA","Pittsburgh, PA",430,2443921,1169819,5640.324,64.883,40.471332,-79.863986
38340,"Pittsfield, MA","Pittsfield, MA",,128047,69861,926.874,19.579,42.371493,-73.217928
38380,"Plainview, TX","Plainview, TX",352,37541,16000,1996.823,0.475,34.066933,-101.571422
38420,"Platteville, WI","Platteville, WI",,51678,22192,1147.604,35.769,42.870028,-90.694229
38460,"Plattsburgh, NY","Plattsburgh, NY",,78961,37461,1037.751,79.762,44.752712,-73.705643
38500,"Plymouth, IN","Plymouth, IN",515,46225,19959,443.618,6.125,41.325003,-86.269036
38540,"Pocatello, ID","Pocatello, ID",,88457,35683,1112.49,35.551,42.692921,-112.228982
38620,"Ponca City, OK","Ponca City, OK",,43731,20923,919.61,25.307,36.814885,-97.143862
38660,"Ponce, PR","Ponce, PR",434,273739,129258,365.515,172.71,18.022864,-66.645703
38700,"Pontiac, IL","Pontiac, IL",145,35659,15930,1043.628,2.307,40.894376,-88.552852
38740,"Poplar Bluff, MO","Poplar Bluff, MO",,42166,19296,694.754,4.323,36.71518,-90.40313
38820,"Port Angeles, WA","Port Angeles, WA",,77593,38295,1738.776,930.241,48.110903,-123.88986
38860,"Portland-South Portland, ME","Portland, ME",438,557764,284481,2081.404,775.8,43.651417,-70.418375
38900,"Portland-Vancouver-Hillsboro, OR-WA","Portland, OR",440,2510529,1050449,6687.397,136.825,45.600622,-122.484378
38920,"Port Lavaca, TX","Port Lavaca, TX",544,19921,10743,506.936,525.729,28.441719,-96.579574
38940,"Port St. Lucie, FL","Port St. Lucie, FL",370,506701,237227,1115.747,325.377,27.227944,-80.424961
39020,"Portsmouth, OH","Portsmouth, OH",170,73118,33153,610.155,6.206,38.814889,-82.998675
39040,"Port Townsend, WA","Port Townsend, WA",,33313,19359,1803.728,384.169,47.805708,-123.527057
39060,"Pottsville, PA","Pottsville, PA",,143259,67292,778.772,3.985,40.703682,-76.217788
39150,"Prescott Valley-Prescott, AZ","Prescott Valley, AZ",,241656,124032,8122.932,4.385,34.631071,-112.577225
39220,"Price, UT","Price, UT",,20446,9629,1479.343,5.979,39.673284,-110.588484
39300,"Providence-Warwick, RI-MA","Providence, RI",148,1673807,728781,1587.011,649.083,41.70684,-71.286687
39340,"Provo-Orem-Lehi, UT","Provo, UT",482,695895,207280,5396.273,153.842,39.872067,-112.359059
39380,"Pueblo, CO","Pueblo, CO",444,168726,73031,2386.552,11.214,38.162765,-104.484668
39420,"Pullman, WA","Pullman, WA",446,47042,21232,2159.262,18.628,46.905944,-117.53539
39460,"Punta Gorda, FL","Punta Gorda, FL",412,195083,114821,681.149,266.086,26.906358,-82.00363
39480,"Putnam, CT","Putnam, CT",405,95829,41629,553.9,9.256,41.842375,-71.972655
39500,"Quincy, IL-MO","Quincy, IL",448,75111,34598,1360.167,21.899,40.027165,-91.389838
39540,"Racine-Mount Pleasant, WI","Racine, WI",376,196888,84558,332.614,459.529,42.780392,-87.771599
39580,"Raleigh-Cary, NC","Raleigh, NC",450,1449594,601103,2118.669,28.564,35.756746,-78.460441
39660,"Rapid City, SD","Rapid City, SD",452,151064,68429,7804.642,21.683,44.195108,-102.916612
39700,"Raymondville, TX","Raymondville, TX",154,20218,6854,590.613,194.154,26.481861,-97.594731
39740,"Reading, PA","Reading, PA",428,429989,171147,856.404,9.351,40.413957,-75.92686
39780,"Red Bluff, CA","Red Bluff, CA",454,65520,27456,2949.137,13.038,40.126157,-122.232274
39820,"Redding, CA","Redding, CA",454,181554,79748,3775.651,71.745,40.760514,-122.043556
39860,"Red Wing, MN","Red Wing, MN",378,47844,21071,756.742,22.823,44.406178,-92.716
39900,"Reno, NV","Reno, NV",456,556539,240502,8582.738,248.684,40.251057,-119.555507
39940,"Rexburg, ID","Rexburg, ID",292,67279,23438,2333.227,36.271,44.142753,-111.508107
39960,"Rice Lake, WI","Rice Lake, WI",,46741,23966,863.083,26.68,45.437192,-91.852892
39980,"Richmond, IN","Richmond, IN",458,66377,30758,401.755,2.588,39.863091,-85.006735
40060,"Richmond, VA","Richmond, VA",,1327321,561343,4364.309,127.746,37.412237,-77.44372
40080,"Richmond-Berea, KY","Richmond, KY",336,124287,54144,1007.587,9.375,37.59662,-84.205586
40090,"Rifle, CO","Rifle, CO",233,79153,37990,3918.127,10.88,39.509466,-107.667061
40100,"Rio Grande City-Roma, TX","Rio Grande City, TX",365,65809,23008,1223.179,5.941,26.530903,-98.740235
40140,"Riverside-San Bernardino-Ontario, CA","Riverside, CA",348,4637725,1598577,27277.441,130.873,34.538459,-116.134544
40180,"Riverton, WY","Riverton, WY",,39472,17471,9183.597,82.144,43.054831,-108.608935
40220,"Roanoke, VA","Roanoke, VA",,314661,148029,1867.573,27.879,37.286226,-79.946935
40260,"Roanoke Rapids, NC","Roanoke Rapids, NC",468,65431,35469,1260.453,20.37,36.320576,-77.542757
40300,"Rochelle, IL","Rochelle, IL",466,51536,22625,758.654,4.78,42.041884,-89.320176
40340,"Rochester, MN","Rochester, MN",462,227252,98552,2477.204,28.901,43.94981,-92.33066
40380,"Rochester, NY","Rochester, NY",464,1058875,478537,2927.738,1942.14,43.184718,-77.556558
40420,"Rockford, IL","Rockford, IL",466,336605,145197,793.798,7.419,42.331183,-89.042914
40460,"Rockingham, NC","Rockingham, NC",246,42818,19840,473.689,6.014,35.004636,-79.755695
40540,"Rock Springs, WY","Rock Springs, WY",,41786,19226,10426.981,64.182,41.660328,-108.875677
40580,"Rocky Mount, NC","Rocky Mount, NC",468,144228,66795,1045.88,3.815,35.941045,-77.798549
40620,"Rolla, MO","Rolla, MO",,44948,20246,671.787,2.535,37.866326,-91.79035
40660,"Rome, GA","Rome, GA",122,98985,40763,509.832,8.633,34.26369,-85.213685
40700,"Roseburg, OR","Roseburg, OR",,111807,50257,5035.755,97.203,43.286328,-123.154476
40740,"Roswell, NM","Roswell, NM",,64446,26794,6067.178,7.903,33.361604,-104.469837
40760,"Ruidoso, NM","Ruidoso, NM",,20227,17768,4831.115,0.214,33.740841,-105.449805
40770,"Russellville, AL","Russellville, AL",250,31978,13965,633.959,12.564,34.441989,-87.842814
40780,"Russellville, AR","Russellville, AR",,84025,36333,1741.338,37.748,35.199586,-93.252763
40820,"Ruston, LA","Ruston, LA",384,48160,20650,471.636,0.733,32.601823,-92.662303
40860,"Rutland, VT","Rutland, VT",,60484,33974,930.552,14.964,43.612399,-73.060304
40900,"Sacramento-Roseville-Folsom, CA","Sacramento, CA",472,2406563,945650,5093.612,211.173,38.790272,-121.005643
40940,"Safford, AZ","Safford, AZ",,38860,13941,4621.877,18.331,32.931828,-109.87831
40980,"Saginaw, MI","Saginaw, MI",474,189210,86134,800.807,15.159,43.328267,-84.05541
41060,"St. Cloud, MN","St. Cloud, MN",378,200816,83695,1751.186,51.76,45.593031,-94.488363
41100,"St. George, UT","St. George, UT",,189827,78993,2427.589,3.005,37.262531,-113.4878
41140,"St. Joseph, MO-KS","St. Joseph, MO",312,120609,53618,1655.718,19.925,39.834843,-94.783754
41180,"St. Louis, MO-IL","St. Louis, MO",476,2809414,1267353,7863.479,218.442,38.740211,-90.345825
41260,"St. Marys, PA","St. Marys, PA",,30703,16876,826.901,4.939,41.427332,-78.653937
41400,"Salem, OH","Salem, OH",566,101203,46133,531.93,2.81,40.770073,-80.778455
41420,"Salem, OR","Salem, OR",440,435085,165046,1921.764,13.436,44.903385,-122.901757
41460,"Salina, KS","Salina, KS",,59583,26830,1440.973,1.671,38.96457,-97.663387
41500,"Salinas, CA","Salinas, CA",,435834,144659,3281.718,489.503,36.240104,-121.315578
41540,"Salisbury, MD","Salisbury, MD",480,128802,54841,694.172,316.385,38.197279,-75.769252
41620,"Salt Lake City-Murray, UT","Salt Lake City, UT",482,1261337,464304,7793.122,298.585,40.572887,-112.953253
41660,"San Angelo, TX","San Angelo, TX",,120830,52744,2573.864,18.312,31.36531,-100.659418
41700,"San Antonio-New Braunfels, TX","San Antonio, TX",484,2612802,1037336,7313.298,57.562,29.43306,-98.606973
41740,"San Diego-Chula Vista-Carlsbad, CA","San Diego, CA",,3282782,1240607,4210.884,315.011,33.023604,-116.776117
41760,"Sandpoint, ID","Sandpoint, ID",,49456,26623,1733.229,184.904,48.324634,-116.62745
41780,"Sandusky, OH","Sandusky, OH",184,115099,67162,505.973,704.888,41.519606,-82.794568
41820,"Sanford, NC","Sanford, NC",450,64565,26854,255.072,4.131,35.476336,-79.172117
41860,"San Francisco-Oakland-Fremont, CA","San Francisco, CA",488,4653593,1866271,2469.789,956.357,37.773718,-122.274432
41940,"San Jose-Sunnyvale-Santa Clara, CA","San Jose, CA",488,1969353,715146,2679.735,14.794,36.908472,-121.371372
41980,"San Juan-Bayamón-Caguas, PR","San Juan, PR",490,2063795,989904,1438.221,562.917,18.294453,-66.036844
42020,"San Luis Obispo-Paso Robles, CA","San Luis Obispo, CA",,281486,124871,3300.842,314.924,35.388189,-120.448897
42100,"Santa Cruz-Watsonville, CA","Santa Cruz, CA",488,266021,106635,445.106,162.055,37.012347,-122.007789
42140,"Santa Fe, NM","Santa Fe, NM",105,155175,77686,1910.38,1.02,35.514531,-105.963972
42200,"Santa Maria-Santa Barbara, CA","Santa Maria, CA",,443975,159766,2733.941,1053.75,34.536677,-120.038364
42220,"Santa Rosa-Petaluma, CA","Santa Rosa, CA",,485642,206319,1575.337,192.005,38.525182,-122.92611
42300,"Sault Ste. Marie, MI","Sault Ste. Marie, MI",,36448,20340,1558.515,1139.961,46.321819,-84.52063
42340,"Savannah, GA","Savannah, GA",496,412089,178564,1349.247,218.086,32.109256,-81.273287
42380,"Sayre, PA","Sayre, PA",,59971,29421,1147.376,13.641,41.791504,-76.502123
42420,"Scottsbluff, NE","Scottsbluff, NE",,36594,16825,1485.659,6.086,41.699256,-103.708555
42460,"Scottsboro, AL","Scottsboro, AL",174,52839,24797,1078.014,48.778,34.764114,-85.980056
42540,"Scranton--Wilkes-Barre, PA","Scranton, PA",,567887,263883,1745.954,30.09,41.322881,-75.898188
42580,"Seaford, DE","Seaford, DE",,247799,147904,936.146,260.277,38.673227,-75.337024
42620,"Searcy, AR","Searcy, AR",340,77395,33622,1033.966,8.047,35.255118,-91.753034
42660,"Seattle-Tacoma-Bellevue, WA","Seattle, WA",500,4021467,1681971,5870.293,438.352,47.490552,-121.833977
42680,"Sebastian-Vero Beach-West Vero Corridor, FL","Sebastian, FL",370,163856,85093,502.555,114.072,27.700528,-80.574789
42700,"Sebring, FL","Sebring, FL",,103808,58086,1017.67,89.051,27.34108,-81.342353
42740,"Sedalia, MO","Sedalia, MO",,43205,18608,682.237,4.042,38.727388,-93.28519
42780,"Selinsgrove, PA","Selinsgrove, PA",146,39711,16033,328.784,2.764,40.755412,-77.07302
42820,"Selma, AL","Selma, AL",388,37536,18949,978.741,15.103,32.333526,-87.11436
42860,"Seneca, SC","Seneca, SC",273,79566,41514,626.593,46.965,34.748766,-83.06154
42900,"Seneca Falls, NY","Seneca Falls, NY",464,33125,16148,323.699,66.724,42.782294,-76.827088
42940,"Sevierville, TN","Sevierville, TN",315,98802,57809,592.518,5.178,35.787822,-83.5249
42980,"Seymour, IN","Seymour, IN",294,46319,19231,509.978,3.928,38.911957,-86.042516
43020,"Shawano, WI","Shawano, WI",267,45183,22578,1250.84,23.516,44.851643,-88.745543
43060,"Shawnee, OK","Shawnee, OK",416,73011,30163,787.816,5.709,35.211391,-96.957004
43100,"Sheboygan, WI","Sheboygan, WI",,117783,52549,511.519,759.722,43.738713,-87.731531
43140,"Shelby-Kings Mountain, NC","Shelby, NC",172,100170,43999,464.264,3.915,35.33463,-81.557114
43180,"Shelbyville, TN","Shelbyville, TN",400,51291,20129,473.639,1.151,35.51366,-86.458294
43220,"Shelton, WA","Shelton, WA",500,66968,33751,959.565,91.478,47.350832,-123.173103
43260,"Sheridan, WY","Sheridan, WY",,31585,15236,2523.361,3.084,44.781369,-106.881211
43300,"Sherman-Denison, TX","Sherman, TX",206,139988,60366,932.832,46.369,33.624548,-96.675777
43320,"Show Low, AZ","Show Low, AZ",,107744,56946,9949.496,9.313,35.390785,-110.321025
43340,"Shreveport-Bossier City, LA","Shreveport, LA",508,389004,181250,2595.605,102.937,32.437682,-93.744884
43380,"Sidney, OH","Sidney, OH",212,48007,20113,407.691,3.016,40.33668,-84.204142
43420,"Sierra Vista-Douglas, AZ","Sierra Vista, AZ",,125458,59312,6209.872,6.805,31.840129,-109.775163
43460,"Sikeston, MO","Sikeston, MO",164,50046,22115,831.603,23.046,36.94283,-89.427601
43500,"Silver City, NM","Silver City, NM",,27856,14664,3961.207,5.905,32.732087,-108.381504
43580,"Sioux City, IA-NE-SD","Sioux City, IA",512,144007,58354,1598.084,14.301,42.508009,-96.311335
43620,"Sioux Falls, SD-MN","Sioux Falls, SD",,293107,125197,3057.881,11.021,43.525658,-96.875416
43640,"Slidell-Mandeville-Covington, LA","Slidell, LA",406,269331,112414,845.308,250.314,30.410022,-89.951962
43660,"Snyder, TX","Snyder, TX",,16633,6896,905.445,2.099,32.744353,-100.913346
43700,"Somerset, KY","Somerset, KY",,65503,31673,658.106,19.048,37.107428,-84.576969
43740,"Somerset, PA","Somerset, PA",306,73255,37800,1075.047,6.603,39.981297,-79.028486
43760,"Sonora, CA","Sonora, CA",,54873,31491,2220.912,53.54,38.021434,-119.964733
43780,"South Bend-Mishawaka, IN-MI","South Bend, IN",515,324180,143872,947.91,21.785,41.774981,-86.123014
43890,"Sparta, WI","Sparta, WI",317,46169,19918,900.904,7.176,43.945175,-90.619969
43900,"Spartanburg, SC","Spartanburg, SC",273,365086,154594,1322.015,13.096,34.83462,-81.842401
43940,"Spearfish, SD","Spearfish, SD",452,26574,14545,800.053,0.258,44.348514,-103.806362
43980,"Spencer, IA","Spencer, IA",517,16446,8141,567.238,5.354,43.081224,-95.149875
44020,"Spirit Lake, IA","Spirit Lake, IA",517,17844,14060,380.532,23.429,43.389611,-95.196057
44060,"Spokane-Spokane Valley, WA","Spokane, WA",518,591793,250733,4241.327,79.669,48.091618,-117.663472
44100,"Springfield, IL","Springfield, IL",522,207386,98753,1182.621,9.802,39.828621,-89.696067
44140,"Springfield, MA","Springfield, MA",521,462853,197210,617.006,17.149,42.136198,-72.635647
44180,"Springfield, MO","Springfield, MO",,481671,210306,3006.973,13.711,37.36087,-93.180262
44220,"Springfield, OH","Springfield, OH",212,135445,61092,395.879,5.64,39.917032,-83.783676
44260,"Starkville, MS","Starkville, MS",523,61415,30520,878.784,5.764,33.514617,-89.077508
44300,"State College, PA","State College, PA",524,158041,66023,1107.259,4.361,40.909322,-77.847667
44340,"Statesboro, GA","Statesboro, GA",496,92112,38283,858.862,16.645,32.351704,-81.775036
44420,"Staunton-Stuarts Draft, VA","Staunton, VA",277,126052,55637,1001.964,3.88,38.160958,-79.127632
44460,"Steamboat Springs, CO","Steamboat Springs, CO",,38248,23027,7105.263,13.759,40.571846,-107.825352
44500,"Stephenville, TX","Stephenville, TX",,43244,18515,1083.179,6.628,32.236207,-98.218336
44540,"Sterling, CO","Sterling, CO",,21067,8709,1838.599,6.318,40.728091,-103.090464
44580,"Sterling, IL","Sterling, IL",221,55192,25850,684.099,12.31,41.750675,-89.911005
44620,"Stevens Point-Plover, WI","Stevens Point, WI",554,70375,31496,800.874,21.944,44.476246,-89.49807
44660,"Stillwater, OK","Stillwater, OK",,82290,36900,684.901,12.352,36.079225,-96.975255
44700,"Stockton-Lodi, CA","Stockton, CA",488,787416,256826,1392.301,34.311,37.934982,-121.272244
44740,"Storm Lake, IA","Storm Lake, IA",,20684,8241,574.899,5.327,42.741522,-95.141432
44780,"Sturgis, MI","Sturgis, MI",310,60870,27248,500.639,20.387,41.911488,-85.52287
44860,"Sulphur Springs, TX","Sulphur Springs, TX",206,37351,15793,767.431,25.341,33.148967,-95.565434
44900,"Summerville, GA","Summerville, GA",174,24975,10883,313.327,0.22,34.474178,-85.345289
44940,"Sumter, SC","Sumter, SC",192,104853,47288,665.078,17.007,33.91614,-80.382376
44980,"Sunbury, PA","Sunbury, PA",146,109004,51512,588.009,21.549,40.885514,-76.712649
45000,"Susanville, CA","Susanville, CA",,31177,12232,4541.369,178.746,40.715287,-120.621223
45020,"Sweetwater, TX","Sweetwater, TX",101,14565,7129,911.994,1.953,32.312338,-100.418108
45060,"Syracuse, NY","Syracuse, NY",532,657128,297056,2384.867,394.067,43.006516,-76.196134
45140,"Tahlequah, OK","Tahlequah, OK",,47621,22273,749.127,26.896,35.904367,-94.996796
45180,"Talladega-Sylacauga, AL","Talladega, AL",142,91493,44327,1387.727,38.944,33.186086,-86.197757
45220,"Tallahassee, FL","Tallahassee, FL",533,388298,176005,2389.302,430.527,30.346366,-84.267001
45300,"Tampa-St. Petersburg-Clearwater, FL","Tampa, FL",,3240469,1492509,2515.922,1408.725,28.120541,-82.525188
45340,"Taos, NM","Taos, NM",,34516,21091,2202.373,1.306,36.577183,-105.638878
45380,"Taylorville, IL","Taylorville, IL",522,33684,15190,709.483,6.265,39.545524,-89.279593
45460,"Terre Haute, IN","Terre Haute, IN",,168850,74709,1465.322,19.478,39.392389,-87.347096
45500,"Texarkana, TX-AR","Texarkana, TX",,146868,65672,2040.235,84.304,33.478373,-94.207162
45520,"The Dalles, OR","The Dalles, OR",,26603,12102,2381.119,13.8,45.164536,-121.165069
45580,"Thomaston, GA","Thomaston, GA",122,27856,12373,323.467,4.087,32.881837,-84.292283
45620,"Thomasville, GA","Thomasville, GA",,71752,32558,999.101,13.381,30.86301,-84.058195
45660,"Tiffin, OH","Tiffin, OH",248,54861,23968,551.026,1.767,41.119992,-83.127547
45700,"Tifton, GA","Tifton, GA",,50237,21485,546.331,12.438,31.592714,-83.572994
45740,"Toccoa, GA","Toccoa, GA",,26842,12344,178.862,5.034,34.553582,-83.290588
45780,"Toledo, OH","Toledo, OH",,602977,275754,1362.285,261.299,41.544357,-83.690777
45820,"Topeka, KS","Topeka, KS",,232724,104931,3232.699,57.256,39.041389,-95.802639
45860,"Torrington, CT","Torrington, CT",405,112848,55665,786.642,21.466,41.854809,-73.221494
45880,"Town of Pecos, TX","Town of Pecos, TX",,13219,5118,2635.354,6.717,31.308366,-103.712706
45900,"Traverse City, MI","Traverse City, MI",,154657,85951,1690.977,2872.655,44.952324,-85.90832
45940,"Trenton-Princeton, NJ","Trenton, NJ",408,383286,150600,224.482,4.374,40.282503,-74.703724
45980,"Troy, AL","Troy, AL",,32953,16124,672.067,0.903,31.798653,-85.941608
46020,"Truckee-Grass Valley, CA","Truckee, CA",472,102452,53981,957.76,16.036,39.297508,-120.771343
46060,"Tucson, AZ","Tucson, AZ",536,1049947,475378,9188.692,1.974,32.128038,-111.783657
46100,"Tullahoma-Manchester, TN","Tullahoma, TN",400,65551,28183,558.186,6.785,35.44674,-86.134324
46140,"Tulsa, OK","Tulsa, OK",538,1026209,442788,6270.281,189.898,36.254442,-96.177298
46180,"Tupelo, MS","Tupelo, MS",539,132079,59051,1397.745,14.079,34.384239,-88.508626
46220,"Tuscaloosa, AL","Tuscaloosa, AL",,275217,123433,3493.264,64.518,33.097877,-87.799147
46300,"Twin Falls, ID","Twin Falls, ID",,116909,44474,2519.261,11.953,42.440397,-114.568729
46340,"Tyler, TX","Tyler, TX",540,238014,98672,921.495,28.227,32.375105,-95.268939
46380,"Ukiah, CA","Ukiah, CA",,90709,41495,3506.807,371.347,39.432388,-123.442881
46460,"Union City, TN","Union City, TN",542,30570,14343,544.851,10.595,36.361892,-89.148078
46500,"Urbana, OH","Urbana, OH",212,38772,16904,428.977,0.842,40.132775,-83.767604
46520,"Urban Honolulu, HI","Urban Honolulu, HI",,1003666,372329,600.791,1565.432,21.461365,-158.201974
46540,"Utica-Rome, NY","Utica, NY",,289577,137734,2623.029,91.782,43.33228,-75.173189
46580,"Utuado, PR","Utuado, PR",490,27896,13285,113.551,1.508,18.270865,-66.702989
46620,"Uvalde, TX","Uvalde, TX",,24810,10092,1551.922,6.712,29.350308,-99.768427
46660,"Valdosta, GA","Valdosta, GA",,149139,63273,1607.379,21.505,30.827158,-83.243555
46700,"Vallejo, CA","Vallejo, CA",488,450824,163455,821.738,84.406,38.267226,-121.939594
46780,"Van Wert, OH","Van Wert, OH",338,28824,12574,409.15,1.269,40.85552,-84.585775
46820,"Vermillion, SD","Vermillion, SD",,15133,6243,412.022,5.397,42.91615,-96.980468
46860,"Vernal, UT","Vernal, UT",,36458,13775,4482.881,21.609,40.125887,-109.517748
46900,"Vernon, TX","Vernon, TX",,12712,5848,970.946,7.028,34.08492,-99.24244
46980,"Vicksburg, MS","Vicksburg, MS",298,43623,21542,588.536,30.017,32.356095,-90.852384
47020,"Victoria, TX","Victoria, TX",544,98377,42779,1734.098,14.103,28.731455,-97.196993
47080,"Vidalia, GA","Vidalia, GA",,35618,15857,605.16,10.526,32.154218,-82.411379
47180,"Vincennes, IN","Vincennes, IN",,36108,16965,515.831,8.073,38.688381,-87.420358
47220,"Vineland, NJ","Vineland, NJ",428,152915,57203,483.38,194.465,39.328434,-75.121628
47240,"Vineyard Haven, MA","Vineyard Haven, MA",,20751,17713,103.202,387.759,41.38097,-70.701499
47260,"Virginia Beach-Chesapeake-Norfolk, VA-NC","Virginia Beach, VA",545,1782590,758459,3201.888,1351.573,36.837289,-76.391849
47300,"Visalia, CA","Visalia, CA",,475774,152542,4823.9,14.387,36.228834,-118.781055
47340,"Wabash, IN","Wabash, IN",,30901,14053,412.539,8.437,40.843747,-85.795192
47380,"Waco, TX","Waco, TX",,299217,123987,2785.178,51.537,31.5921,-97.286018
47420,"Wahpeton, ND-MN","Wahpeton, ND",244,22963,10529,2186.712,9.852,46.29395,-96.790701
47460,"Walla Walla, WA","Walla Walla, WA",314,62102,25219,1270.033,28.932,46.254606,-118.48037
47540,"Wapakoneta, OH","Wapakoneta, OH",338,46209,20034,401.388,0.517,40.561309,-84.224018
47580,"Warner Robins, GA","Warner Robins, GA",356,195171,80450,526.44,4.782,32.492806,-83.711084
47620,"Warren, PA","Warren, PA",,38174,21641,884.293,14.417,41.834298,-79.298182
47660,"Warrensburg, MO","Warrensburg, MO",312,54331,22663,829.262,3.929,38.74153,-93.811866
47700,"Warsaw, IN","Warsaw, IN",515,80357,38587,531.448,22.945,41.244293,-85.861575
47780,"Washington, IN","Washington, IN",,33442,12781,429.514,7.36,38.69609,-87.076943
47820,"Washington, NC","Washington, NC",274,44597,24385,832.711,130.137,35.482313,-76.842014
47900,"Washington-Arlington-Alexandria, DC-VA-MD-WV","Washington, DC",548,6263796,2483270,6033.666,302.988,38.829787,-77.495684
47920,"Washington Court House, OH","Washington Court House, OH",198,28880,12694,406.361,0.654,39.555246,-83.461893
47930,"Waterbury-Shelton, CT","Waterbury, CT",405,452303,191984,412.784,8.783,41.518931,-73.087906
47940,"Waterloo-Cedar Falls, IA","Waterloo, IA",,168163,74779,1503.108,10.867,42.536796,-92.471608
47980,"Watertown, SD","Watertown, SD",,28556,13388,687.585,29.579,44.966285,-97.198837
48020,"Watertown-Fort Atkinson, WI","Watertown, WI",376,85867,36649,556.494,26.248,43.013804,-88.773985
48060,"Watertown-Fort Drum, NY","Watertown, NY",,116130,61721,1267.932,588.626,43.996389,-76.052968
48140,"Wausau, WI","Wausau, WI",554,138067,60296,1545.249,31.085,44.898036,-89.757823
48180,"Waycross, GA","Waycross, GA",,55954,24385,1239.825,11.393,31.133114,-82.36865
48200,"Waynesville, NC","Waynesville, NC",120,62432,35307,553.56,0.942,35.558882,-82.981307
48220,"Weatherford, OK","Weatherford, OK",555,39189,18077,1991.868,18.883,35.449463,-98.991295
48260,"Weirton-Steubenville, WV-OH","Weirton, WV",430,115566,56036,579.77,11.565,40.388914,-80.701966
48300,"Wenatchee-East Wenatchee, WA","Wenatchee, WA",,123251,55850,4740.422,102.784,47.76611,-120.270197
48460,"West Plains, MO","West Plains, MO",,40168,18104,927.177,1.127,36.774369,-91.887368
48540,"Wheeling, WV-OH","Wheeling, WV",,138015,67514,943.605,19.051,39.977687,-80.854826
48580,"Whitewater-Elkhorn, WI","Whitewater, WI",376,105447,53508,555.436,21.161,42.66811,-88.541731
48620,"Wichita, KS","Wichita, KS",556,648935,277986,4148.142,33.184,37.637896,-97.246287
48660,"Wichita Falls, TX","Wichita Falls, TX",,148978,64738,2619.642,55.567,33.775682,-98.500319
48680,"Wildwood-The Villages, FL","Wildwood, FL",422,137536,80371,557.136,22.693,28.713277,-82.069555
48700,"Williamsport, PA","Williamsport, PA",558,113570,52692,1228.92,15.026,41.343882,-77.055262
48780,"Williston, ND","Williston, ND",,39368,20291,2077.6,70.208,48.355765,-103.501333
48820,"Willmar, MN","Willmar, MN",,43757,20212,797.352,65.026,45.152714,-95.004981
48900,"Wilmington, NC","Wilmington, NC",,440578,242220,1913.06,399.508,34.253691,-78.041674
48940,"Wilmington, OH","Wilmington, OH",178,42014,17966,408.731,3.602,39.416681,-83.804583
48980,"Wilson, NC","Wilson, NC",468,78648,36702,367.574,5.534,35.700357,-77.921598
49010,"Winchester, TN","Winchester, TN",400,43478,19815,554.5,21.251,35.155926,-86.099203
49020,"Winchester, VA-WV","Winchester, VA",548,144676,61666,1062.73,6.493,39.272974,-78.471828
49080,"Winnemucca, NV","Winnemucca, NV",,17299,7714,9640.792,17.064,41.407914,-118.127591
49100,"Winona, MN","Winona, MN",462,49705,21763,626.191,15.45,43.981353,-91.777044
49180,"Winston-Salem, NC","Winston, NC",268,683637,306432,2008.999,31.472,36.078852,-80.345064
49220,"Wisconsin Rapids-Marshfield, WI","Wisconsin Rapids, WI",554,74039,34662,793.028,16.224,44.461413,-90.038825
49260,"Woodward, OK","Woodward, OK",,20260,9389,1242.786,3.743,36.425619,-99.273661
49300,"Wooster, OH","Wooster, OH",184,116618,46804,555.017,1.946,40.829661,-81.887194
49340,"Worcester, MA","Worcester, MA",148,861664,353405,1510.67,68.483,42.311693,-71.940282
49380,"Worthington, MN","Worthington, MN",,22067,8398,715.117,7.434,43.677686,-95.763132
49420,"Yakima, WA","Yakima, WA",,256605,91647,4294.512,15.903,46.456558,-120.740145
49460,"Yankton, SD","Yankton, SD",,23379,10497,521.189,11.072,43.006603,-97.388361
49620,"York-Hanover, PA","York, PA",276,459312,188608,904.352,6.372,39.921751,-76.728889
49660,"Youngstown-Warren, OH","Youngstown, OH",566,428430,202587,1029.113,32.169,41.195092,-80.76508
49700,"Yuba City, CA","Yuba City, CA",472,182050,64770,1234.702,17.72,39.160969,-121.511833
49740,"Yuma, AZ","Yuma, AZ",,207685,93924,5513.82,5.113,32.773942,-113.910905
49780,"Zanesville, OH","Zanesville, OH",198,86382,38343,664.546,8.04,39.966046,-81.943506
49820,"Zapata, TX","Zapata, TX",,13855,6218,998.415,59.6,26.996981,-99.182603
